-- MySQL dump 10.13  Distrib 5.7.33, for Win64 (x86_64)
--
-- Host: 127.0.0.1    Database: ihrm
-- ------------------------------------------------------
-- Server version	5.7.33-log

/*!40101 SET @OLD_CHARACTER_SET_CLIENT=@@CHARACTER_SET_CLIENT */;
/*!40101 SET @OLD_CHARACTER_SET_RESULTS=@@CHARACTER_SET_RESULTS */;
/*!40101 SET @OLD_COLLATION_CONNECTION=@@COLLATION_CONNECTION */;
/*!40101 SET NAMES utf8 */;
/*!40103 SET @OLD_TIME_ZONE=@@TIME_ZONE */;
/*!40103 SET TIME_ZONE='+00:00' */;
/*!40014 SET @OLD_UNIQUE_CHECKS=@@UNIQUE_CHECKS, UNIQUE_CHECKS=0 */;
/*!40014 SET @OLD_FOREIGN_KEY_CHECKS=@@FOREIGN_KEY_CHECKS, FOREIGN_KEY_CHECKS=0 */;
/*!40101 SET @OLD_SQL_MODE=@@SQL_MODE, SQL_MODE='NO_AUTO_VALUE_ON_ZERO' */;
/*!40111 SET @OLD_SQL_NOTES=@@SQL_NOTES, SQL_NOTES=0 */;
SET @MYSQLDUMP_TEMP_LOG_BIN = @@SESSION.SQL_LOG_BIN;
SET @@SESSION.SQL_LOG_BIN= 0;

--
-- GTID state at the beginning of the backup 
--

SET @@GLOBAL.GTID_PURGED='257a497e-3211-11ee-a7c9-6c240813fb00:1-173136';

--
-- Table structure for table `bs_user`
--

DROP TABLE IF EXISTS `bs_user`;
/*!40101 SET @saved_cs_client     = @@character_set_client */;
/*!40101 SET character_set_client = utf8 */;
CREATE TABLE `bs_user` (
  `id` varchar(40) NOT NULL COMMENT 'ID',
  `mobile` varchar(40) NOT NULL COMMENT '手机号码',
  `username` varchar(255) NOT NULL COMMENT '用户名称',
  `password` varchar(255) DEFAULT NULL COMMENT '密码',
  `enable_state` int(2) DEFAULT '1' COMMENT '启用状态 0是禁用，1是启用',
  `create_time` datetime DEFAULT NULL COMMENT '创建时间',
  `department_id` varchar(40) DEFAULT NULL COMMENT '部门ID',
  `time_of_entry` datetime DEFAULT NULL COMMENT '入职时间',
  `form_of_employment` int(1) DEFAULT NULL COMMENT '聘用形式',
  `work_number` varchar(20) DEFAULT NULL COMMENT '工号',
  `form_of_management` varchar(8) DEFAULT NULL COMMENT '管理形式',
  `working_city` varchar(16) DEFAULT NULL COMMENT '工作城市',
  `correction_time` datetime DEFAULT NULL COMMENT '转正时间',
  `in_service_status` int(1) DEFAULT NULL COMMENT '在职状态 1.在职  2.离职',
  `company_id` varchar(40) DEFAULT NULL COMMENT '企业ID',
  `company_name` varchar(40) DEFAULT NULL,
  `department_name` varchar(40) DEFAULT NULL,
  `level` varchar(40) DEFAULT NULL COMMENT '用户级别：saasAdmin，coAdmin，user',
  `staff_photo` mediumtext,
  `time_of_dimission` datetime DEFAULT NULL COMMENT '离职时间',
  PRIMARY KEY (`id`) USING BTREE,
  UNIQUE KEY `idx_user_phone` (`mobile`) USING BTREE
) ENGINE=InnoDB DEFAULT CHARSET=utf8mb4 ROW_FORMAT=DYNAMIC;
/*!40101 SET character_set_client = @saved_cs_client */;

--
-- Dumping data for table `bs_user`
--

LOCK TABLES `bs_user` WRITE;
/*!40000 ALTER TABLE `bs_user` DISABLE KEYS */;
INSERT INTO `bs_user` VALUES ('1063705482939731968','13800000001','cgx','88012a09484c94fcec9e65b2377c44b9',NULL,'2018-11-17 16:08:44','','2018-11-01 08:00:00',1,'',NULL,NULL,'2018-11-01 00:00:00',0,'1','传智播客','人事部','saasAdmin',NULL,NULL),('1063705989926227968','13800000002','itcast','c8b7722b1139bb9b346409e503302e82',1,'2018-11-17 16:10:45','1175311466846683136','2018-11-02 08:00:00',1,'9002',NULL,NULL,'2018-11-30 00:00:00',0,'1','传智播客','人事部',NULL,'http://pkbivgfrm.bkt.clouddn.com/MJ头像壁纸｜工作瞬间-打工人头像??_??_1_Lucky Lucky ?_来自小红书网页版.jpg?t=1718862646202','2019-08-17 16:10:45'),('1066370498633486336','13800000003','zbz','14af10ffa3798486632a79cbbf469376',1,NULL,'1175311466846683136','2018-11-04 08:00:00',1,'111',NULL,NULL,'2018-11-20 00:00:00',0,'1','传智播客','市场部','user','http://pkbivgfrm.bkt.clouddn.com/1066370498633486336?t=1545812322518',NULL),('1071632760222810112','13800000004','ll','456134d471010ecba14c6f89cac349ff',1,NULL,'1175311267684352000','2018-12-02 08:00:00',1,'1111',NULL,NULL,'2018-12-31 00:00:00',0,'1','传智播客','人事部','user',NULL,NULL),('1074238801330704384','13400000001','a01','80069fc2872ce3cf269053f4a84b2f0d',1,'2018-12-16 17:44:22','1175311267684352000','2018-01-01 00:00:00',1,'1001',NULL,NULL,NULL,1,'1','传智播客','人事部','user',NULL,NULL),('1074238801402007552','13400000002','a02','a4f6437f96466ff2ad41dc8c46317e7f',1,'2018-12-16 17:44:23','1175311267684352000','2018-01-01 00:00:00',1,'1002',NULL,NULL,NULL,1,'1','传智播客','人事部','user',NULL,NULL),('1075383133106425856','13500000001','test001','aa824c0d32d9725482e58a7503a20521',1,NULL,'1175310929766055936','2018-01-01 00:00:00',1,'2001',NULL,NULL,NULL,1,'1','传智播客','总裁办','user',NULL,NULL),('1075383135371350016','13500000002','test002','becc21ed8df7975fc845c6c70f46c2dd',1,NULL,'1175310929766055936','2018-01-01 00:00:00',1,'2002',NULL,NULL,NULL,1,'1','传智播客','总裁办','user',NULL,NULL),('1075383135459430400','13500000003','test003','7321b9c9cfaa938abc7408147fc29441',1,NULL,'1175311325720936448','2018-01-01 00:00:00',1,'2003',NULL,NULL,NULL,1,'1','传智播客','财务部','user',NULL,NULL),('1797832259793895424','13128869948','test','969144fcd562f9d3dd985d8733a3abbc',1,'2024-06-04 11:26:28',NULL,'2024-06-04 08:00:00',1,'381726200703042119',NULL,NULL,NULL,NULL,'1','传智播客','财务部','user',NULL,NULL);
/*!40000 ALTER TABLE `bs_user` ENABLE KEYS */;
UNLOCK TABLES;

--
-- Table structure for table `co_company`
--

DROP TABLE IF EXISTS `co_company`;
/*!40101 SET @saved_cs_client     = @@character_set_client */;
/*!40101 SET character_set_client = utf8 */;
CREATE TABLE `co_company` (
  `id` varchar(40) NOT NULL COMMENT 'ID',
  `name` varchar(255) NOT NULL COMMENT '公司名称',
  `manager_id` varchar(255) NOT NULL COMMENT '企业登录账号ID',
  `version` varchar(255) DEFAULT NULL COMMENT '当前版本',
  `renewal_date` datetime DEFAULT NULL COMMENT '续期时间',
  `expiration_date` datetime DEFAULT NULL COMMENT '到期时间',
  `company_area` varchar(255) DEFAULT NULL COMMENT '公司地区',
  `company_address` text COMMENT '公司地址',
  `business_license_id` varchar(255) DEFAULT NULL COMMENT '营业执照-图片ID',
  `legal_representative` varchar(255) DEFAULT NULL COMMENT '法人代表',
  `company_phone` varchar(255) DEFAULT NULL COMMENT '公司电话',
  `mailbox` varchar(255) DEFAULT NULL COMMENT '邮箱',
  `company_size` varchar(255) DEFAULT NULL COMMENT '公司规模',
  `industry` varchar(255) DEFAULT NULL COMMENT '所属行业',
  `remarks` text COMMENT '备注',
  `audit_state` varchar(255) DEFAULT NULL COMMENT '审核状态',
  `state` tinyint(2) NOT NULL DEFAULT '1' COMMENT '状态',
  `balance` double NOT NULL COMMENT '当前余额',
  `create_time` datetime NOT NULL COMMENT '创建时间'
) ENGINE=InnoDB DEFAULT CHARSET=utf8mb4;
/*!40101 SET character_set_client = @saved_cs_client */;

--
-- Dumping data for table `co_company`
--

LOCK TABLES `co_company` WRITE;
/*!40000 ALTER TABLE `co_company` DISABLE KEYS */;
INSERT INTO `co_company` VALUES ('1793902974171467776','zhangsan','abc','12',NULL,NULL,NULL,NULL,NULL,NULL,NULL,NULL,NULL,NULL,NULL,'0',1,3000,'2024-05-24 15:12:53'),('1','代理公司','abc','1',NULL,NULL,NULL,NULL,NULL,NULL,NULL,NULL,NULL,NULL,NULL,'0',1,6000,'2024-06-06 11:39:07');
/*!40000 ALTER TABLE `co_company` ENABLE KEYS */;
UNLOCK TABLES;

--
-- Table structure for table `co_department`
--

DROP TABLE IF EXISTS `co_department`;
/*!40101 SET @saved_cs_client     = @@character_set_client */;
/*!40101 SET character_set_client = utf8 */;
CREATE TABLE `co_department` (
  `id` varchar(40) NOT NULL,
  `company_id` varchar(255) NOT NULL COMMENT '企业ID',
  `pid` varchar(255) DEFAULT NULL COMMENT '父级部门ID',
  `name` varchar(255) DEFAULT NULL COMMENT '部门名称',
  `code` varchar(255) DEFAULT NULL COMMENT '部门编码',
  `manager` varchar(40) DEFAULT NULL COMMENT '部门负责人',
  `introduce` text COMMENT '介绍',
  `create_time` datetime DEFAULT NULL COMMENT '创建时间',
  `manager_id` varchar(255) DEFAULT NULL COMMENT '负责人ID',
  PRIMARY KEY (`id`) USING BTREE
) ENGINE=InnoDB DEFAULT CHARSET=utf8mb4 ROW_FORMAT=DYNAMIC;
/*!40101 SET character_set_client = @saved_cs_client */;

--
-- Dumping data for table `co_department`
--

LOCK TABLES `co_department` WRITE;
/*!40000 ALTER TABLE `co_department` DISABLE KEYS */;
INSERT INTO `co_department` VALUES ('1063676045212913664','1','0','研发部','DEV-TECHNOLOG','技术部总监','包含开发部，测试部','2018-11-17 14:11:45',NULL),('1063678149528784896','1','1063676045212913664','测试部','DEPT-TEST','测试部门领导','所有测试人员统一划分到测试部','2018-11-17 14:20:07',NULL),('1066238836272664576','1',NULL,'财务部','DEPT-FIN','李四','包含出纳和会计','2018-11-24 15:55:22',NULL),('1066239766607040512','1',NULL,'行政中心','DEPT-XZ','张三','包含人力资源和行政部门','2018-11-24 15:59:04',NULL),('1066239913642561536','1','1066239766607040512','人力资源部','DEPT-HR','李四','人力资源部','2018-11-24 15:59:39',NULL),('1066240303092076544','1','1066239766607040512','行政部','DEPT-XZ','王五','行政部','2018-11-24 16:01:12',NULL),('1066240656856453120','1','1063676045212913664','开发部','DEPT-DEV','研发','全部java开发人员','2018-11-24 16:02:37',NULL),('1066241293639880704','1','1066238836272664576','test1','test2','test','test4','2018-11-24 16:05:08',NULL),('1066296800727531520','1',NULL,'ttt','ttt','ttt','ttt',NULL,NULL),('1066296884038991872','1',NULL,'aaa','aa','aa','aa',NULL,NULL);
/*!40000 ALTER TABLE `co_department` ENABLE KEYS */;
UNLOCK TABLES;

--
-- Table structure for table `em_user_company_jobs`
--

DROP TABLE IF EXISTS `em_user_company_jobs`;
/*!40101 SET @saved_cs_client     = @@character_set_client */;
/*!40101 SET character_set_client = utf8 */;
CREATE TABLE `em_user_company_jobs` (
  `user_id` varchar(40) NOT NULL COMMENT '员工ID',
  `company_id` varchar(255) DEFAULT NULL COMMENT '企业ID',
  `post` varchar(255) DEFAULT NULL COMMENT '岗位',
  `work_mailbox` varchar(255) DEFAULT NULL COMMENT '工作邮箱',
  `rank` varchar(255) DEFAULT NULL COMMENT '职级',
  `correction_evaluation` text COMMENT '转正评价',
  `report_id` varchar(255) DEFAULT NULL COMMENT '汇报对象',
  `report_name` varchar(255) DEFAULT NULL,
  `state_of_correction` varchar(255) DEFAULT NULL COMMENT '转正状态',
  `hrbp` varchar(255) DEFAULT NULL COMMENT 'hrbp',
  `working_time_for_the_first_time` varchar(255) DEFAULT NULL COMMENT '首次参加工作时间',
  `adjustment_agedays` int(8) DEFAULT NULL COMMENT '调整司龄天',
  `adjustment_of_length_of_service` int(8) DEFAULT NULL COMMENT '调整工龄天',
  `working_city` varchar(255) DEFAULT NULL COMMENT '工作城市',
  `taxable_city` varchar(255) DEFAULT NULL COMMENT '纳税城市',
  `current_contract_start_time` varchar(255) DEFAULT NULL COMMENT '现合同开始时间',
  `closing_time_of_current_contract` varchar(255) DEFAULT NULL COMMENT '现合同结束时间',
  `initial_contract_start_time` varchar(255) DEFAULT NULL COMMENT '首次合同开始时间',
  `first_contract_termination_time` varchar(255) DEFAULT NULL COMMENT '首次合同结束时间',
  `contract_period` varchar(255) DEFAULT NULL COMMENT '合同期限',
  `contract_documents` varchar(255) DEFAULT NULL COMMENT '合同文件',
  `renewal_number` int(8) DEFAULT NULL COMMENT '续签次数',
  `other_recruitment_channels` varchar(255) DEFAULT NULL COMMENT '其他招聘渠道',
  `recruitment_channels` varchar(255) DEFAULT NULL COMMENT '招聘渠道',
  `social_recruitment` varchar(255) DEFAULT NULL COMMENT '社招校招',
  `recommender_business_people` varchar(255) DEFAULT NULL COMMENT '推荐企业人',
  PRIMARY KEY (`user_id`) USING BTREE
) ENGINE=InnoDB DEFAULT CHARSET=utf8mb4 ROW_FORMAT=DYNAMIC;
/*!40101 SET character_set_client = @saved_cs_client */;

--
-- Dumping data for table `em_user_company_jobs`
--

LOCK TABLES `em_user_company_jobs` WRITE;
/*!40000 ALTER TABLE `em_user_company_jobs` DISABLE KEYS */;
INSERT INTO `em_user_company_jobs` VALUES ('1063705989926227968','1','文员',NULL,NULL,NULL,NULL,NULL,NULL,'1066370498633486336',NULL,1,NULL,NULL,NULL,'2018-12-25','2018-12-21','2018-12-03','2018-12-04','6月',NULL,1,'拉勾网','猎头','社招','百度');
/*!40000 ALTER TABLE `em_user_company_jobs` ENABLE KEYS */;
UNLOCK TABLES;

--
-- Table structure for table `em_user_company_personal`
--

DROP TABLE IF EXISTS `em_user_company_personal`;
/*!40101 SET @saved_cs_client     = @@character_set_client */;
/*!40101 SET character_set_client = utf8 */;
CREATE TABLE `em_user_company_personal` (
  `user_id` varchar(40) NOT NULL COMMENT '用户ID',
  `username` varchar(255) DEFAULT NULL,
  `mobile` varchar(255) DEFAULT NULL,
  `time_of_entry` varchar(255) DEFAULT NULL,
  `department_name` varchar(255) DEFAULT NULL,
  `company_id` varchar(255) NOT NULL COMMENT '公司ID',
  `sex` varchar(255) DEFAULT NULL COMMENT '性别',
  `date_of_birth` varchar(255) DEFAULT NULL COMMENT '出生日期',
  `the_highest_degree_of_education` varchar(255) DEFAULT NULL COMMENT '最高学历',
  `national_area` varchar(255) DEFAULT NULL COMMENT '国家地区',
  `passport_no` varchar(255) DEFAULT NULL COMMENT '护照号',
  `id_number` varchar(255) DEFAULT NULL COMMENT '身份证号',
  `id_card_photo_positive` varchar(255) DEFAULT NULL COMMENT '身份证照片-正面',
  `id_card_photo_back` varchar(255) DEFAULT NULL COMMENT '身份证照片-背面',
  `native_place` varchar(255) DEFAULT NULL COMMENT '籍贯',
  `nation` varchar(255) DEFAULT NULL COMMENT '民族',
  `english_name` varchar(255) DEFAULT NULL COMMENT '英文名',
  `marital_status` varchar(255) DEFAULT NULL COMMENT '婚姻状况',
  `staff_photo` varchar(255) DEFAULT NULL COMMENT '员工照片',
  `birthday` varchar(255) DEFAULT NULL COMMENT '生日',
  `zodiac` varchar(255) DEFAULT NULL COMMENT '属相',
  `age` varchar(255) DEFAULT NULL COMMENT '年龄',
  `constellation` varchar(255) DEFAULT NULL COMMENT '星座',
  `blood_type` varchar(255) DEFAULT NULL COMMENT '血型',
  `domicile` varchar(255) DEFAULT NULL COMMENT '户籍所在地',
  `political_outlook` varchar(255) DEFAULT NULL COMMENT '政治面貌',
  `time_to_join_the_party` varchar(255) DEFAULT NULL COMMENT '入党时间',
  `archiving_organization` varchar(255) DEFAULT NULL COMMENT '存档机构',
  `state_of_children` varchar(255) DEFAULT NULL COMMENT '子女状态',
  `do_children_have_commercial_insurance` varchar(255) DEFAULT NULL COMMENT '子女有无商业保险',
  `is_there_any_violation_of_law_or_discipline` varchar(255) DEFAULT NULL COMMENT '有无违法违纪行为',
  `are_there_any_major_medical_histories` varchar(255) DEFAULT NULL COMMENT '有无重大病史',
  `qq` varchar(255) DEFAULT NULL COMMENT 'QQ',
  `wechat` varchar(255) DEFAULT NULL COMMENT '微信',
  `residence_card_city` varchar(255) DEFAULT NULL COMMENT '居住证城市',
  `date_of_residence_permit` varchar(255) DEFAULT NULL COMMENT '居住证办理日期',
  `residence_permit_deadline` varchar(255) DEFAULT NULL COMMENT '居住证截止日期',
  `place_of_residence` varchar(255) DEFAULT NULL COMMENT '现居住地',
  `postal_address` varchar(255) DEFAULT NULL COMMENT '通讯地址',
  `contact_the_mobile_phone` varchar(255) DEFAULT NULL,
  `personal_mailbox` varchar(255) DEFAULT NULL,
  `emergency_contact` varchar(255) DEFAULT NULL COMMENT '紧急联系人',
  `emergency_contact_number` varchar(255) DEFAULT NULL COMMENT '紧急联系电话',
  `social_security_computer_number` varchar(255) DEFAULT NULL COMMENT '社保电脑号',
  `provident_fund_account` varchar(255) DEFAULT NULL COMMENT '公积金账号',
  `bank_card_number` varchar(255) DEFAULT NULL COMMENT '银行卡号',
  `opening_bank` varchar(255) DEFAULT NULL COMMENT '开户行',
  `educational_type` varchar(255) DEFAULT NULL COMMENT '学历类型',
  `graduate_school` varchar(255) DEFAULT NULL COMMENT '毕业学校',
  `enrolment_time` varchar(255) DEFAULT NULL COMMENT '入学时间',
  `graduation_time` varchar(255) DEFAULT NULL COMMENT '毕业时间',
  `major` varchar(255) DEFAULT NULL COMMENT '专业',
  `graduation_certificate` varchar(255) DEFAULT NULL COMMENT '毕业证书',
  `certificate_of_academic_degree` varchar(255) DEFAULT NULL COMMENT '学位证书',
  `home_company` varchar(255) DEFAULT NULL COMMENT '上家公司',
  `title` varchar(255) DEFAULT NULL COMMENT '职称',
  `resume` varchar(255) DEFAULT NULL COMMENT '简历',
  `is_there_any_competition_restriction` varchar(255) DEFAULT NULL COMMENT '有无竞业限制',
  `proof_of_departure_of_former_company` varchar(255) DEFAULT NULL COMMENT '前公司离职证明',
  `remarks` text COMMENT '备注',
  PRIMARY KEY (`user_id`) USING BTREE
) ENGINE=InnoDB DEFAULT CHARSET=utf8mb4 ROW_FORMAT=DYNAMIC;
/*!40101 SET character_set_client = @saved_cs_client */;

--
-- Dumping data for table `em_user_company_personal`
--

LOCK TABLES `em_user_company_personal` WRITE;
/*!40000 ALTER TABLE `em_user_company_personal` DISABLE KEYS */;
INSERT INTO `em_user_company_personal` VALUES ('1','test1','13000000001','2018-03-01','开发部','1','','','初中','中国大陆','','','','','','','','','','','','','','','','','','','','','','','','','','','','','','','','','','','','','','','','','','','','','','','','','',''),('101','test101','13000000101','2018-03-01','开发部','1','','','初中','中国大陆','1234','1234','','','1234','1234','','未婚','','','牛','','','','','','','','','','无','无','','','','','','','','','','','','','','','','统招','','','','','','','','','','','',''),('102','test102','13000000102','2018-03-01','开发部','1','','','初中','','','','','','','','','','','','','','','','','','','','','','','','','','','','','','','','','','','','','','','','','','','','','','','','','','',''),('103','test103','13000000103','2018-03-01','开发部','1','','','初中','中国大陆','','','','','','','','','','','','','','','','','','','','','','','','','','','','','','','','','','','','','','','','','','','','','','','','','',''),('104','test104','13000000104','2018-03-01','开发部','1','','','初中','','','','','','','','','','','','','','','','','','','','','','','','','','','','','','','','','','','','','','','','','','','','','','','','','','',''),('105','test105','13000000105','2018-03-01','开发部','1','','','初中','中国大陆','1234','1234','','','1234','1234','','未婚','','','牛','','','','','','','','','','无','无','','','','','','','','','','','','','','','','统招','','','','','','','','','','','',''),('106','test106','13000000106','2018-03-01','开发部','1','','','初中','','','','','','','','','','','','','','','','','','','','','','','','','','','','','','','','','','','','','','','','','','','','','','','','','','',''),('1063705989926227955','a02','13400000002','2018-02-03','开发部','1','','','初中','中国大陆','1234','1234','','','1234','1234','','未婚','','','牛','','','','','','','','','','无','无','','','','','','','','','','','','','','','','统招','','','','','','','','','','','',''),('1063705989926227961','a02','13400000002','2018-02-03','开发部','1','','','初中',NULL,NULL,NULL,NULL,NULL,NULL,NULL,NULL,NULL,NULL,NULL,NULL,NULL,NULL,NULL,NULL,NULL,NULL,NULL,NULL,NULL,NULL,NULL,NULL,NULL,NULL,NULL,NULL,NULL,NULL,NULL,NULL,NULL,NULL,NULL,NULL,NULL,NULL,NULL,NULL,NULL,NULL,NULL,NULL,NULL,NULL,NULL,NULL,NULL,NULL,NULL),('1063705989926227968','itcast','13800000002','2018-11-02T00:00:00.000+0000','人事部','1','女','2019-07-30T16:00:00.000Z','本科',NULL,NULL,'1234567890',NULL,NULL,NULL,NULL,NULL,NULL,NULL,NULL,NULL,NULL,NULL,NULL,NULL,NULL,NULL,NULL,NULL,NULL,NULL,NULL,NULL,NULL,NULL,NULL,NULL,NULL,NULL,NULL,NULL,NULL,NULL,'123','123','12','333',NULL,NULL,NULL,NULL,NULL,NULL,NULL,NULL,NULL,NULL,NULL,NULL,NULL),('1066370498633486336','zbz','13800000003','2018-11-04T00:00:00.000+0000','测试部','1',NULL,NULL,'高中','港澳台国外','xxxx','1234567890',NULL,NULL,NULL,NULL,NULL,NULL,NULL,NULL,NULL,NULL,NULL,NULL,NULL,NULL,NULL,NULL,NULL,NULL,NULL,NULL,NULL,NULL,NULL,NULL,NULL,NULL,NULL,NULL,NULL,NULL,NULL,'x1111',NULL,NULL,NULL,NULL,NULL,NULL,NULL,NULL,NULL,NULL,NULL,NULL,NULL,NULL,NULL,NULL),('107','test107','13000000107','2018-03-01','开发部','1','','','初中','中国大陆','','','','','','','','','','','','','','','','','','','','','','','','','','','','','','','','','','','','','','','','','','','','','','','','','',''),('1074238801402007552','a02','13400000002','2018-02-01','开发部','1',NULL,NULL,'初中','中国大陆',NULL,NULL,NULL,NULL,NULL,NULL,NULL,NULL,NULL,NULL,NULL,NULL,NULL,NULL,NULL,NULL,NULL,NULL,NULL,NULL,NULL,NULL,NULL,NULL,NULL,NULL,NULL,NULL,NULL,NULL,NULL,NULL,NULL,NULL,NULL,NULL,NULL,NULL,NULL,NULL,NULL,NULL,NULL,NULL,NULL,NULL,NULL,NULL,NULL,NULL),('1074238801402007555','a02','13400000002','2018-02-01','开发部','1','','','初中',NULL,NULL,NULL,NULL,NULL,NULL,NULL,NULL,NULL,NULL,NULL,NULL,NULL,NULL,NULL,NULL,NULL,NULL,NULL,NULL,NULL,NULL,NULL,NULL,NULL,NULL,NULL,NULL,NULL,NULL,NULL,NULL,NULL,NULL,NULL,NULL,NULL,NULL,NULL,NULL,NULL,NULL,NULL,NULL,NULL,NULL,NULL,NULL,NULL,NULL,NULL),('108','test108','13000000108','2018-03-01','开发部','1','','','初中','','','','','','','','','','','','','','','','','','','','','','','','','','','','','','','','','','','','','','','','','','','','','','','','','','',''),('109','test109','13000000109','2018-03-01','开发部','1','','','初中','中国大陆','1234','1234','','','1234','1234','','未婚','','','牛','','','','','','','','','','无','无','','','','','','','','','','','','','','','','统招','','','','','','','','','','','',''),('11','test11','13000000011','2018-03-01','开发部','1','','','初中','中国大陆','1234','1234','','','1234','1234','','未婚','','','牛','','','','','','','','','','无','无','','','','','','','','','','','','','','','','统招','','','','','','','','','','','',''),('110','test110','13000000110','2018-03-01','开发部','1','','','初中','','','','','','','','','','','','','','','','','','','','','','','','','','','','','','','','','','','','','','','','','','','','','','','','','','',''),('12','test12','13000000012','2018-03-01','开发部','1','','','初中','','','','','','','','','','','','','','','','','','','','','','','','','','','','','','','','','','','','','','','','','','','','','','','','','','',''),('13','test13','13000000013','2018-03-01','开发部','1','','','初中','中国大陆','','','','','','','','','','','','','','','','','','','','','','','','','','','','','','','','','','','','','','','','','','','','','','','','','',''),('14','test14','13000000014','2018-03-01','开发部','1','','','初中','','','','','','','','','','','','','','','','','','','','','','','','','','','','','','','','','','','','','','','','','','','','','','','','','','',''),('15','test15','13000000015','2018-03-01','开发部','1','','','初中','中国大陆','1234','1234','','','1234','1234','','未婚','','','牛','','','','','','','','','','无','无','','','','','','','','','','','','','','','','统招','','','','','','','','','','','',''),('16','test16','13000000016','2018-03-01','开发部','1','','','初中','','','','','','','','','','','','','','','','','','','','','','','','','','','','','','','','','','','','','','','','','','','','','','','','','','',''),('17','test17','13000000017','2018-03-01','开发部','1','','','初中','中国大陆','','','','','','','','','','','','','','','','','','','','','','','','','','','','','','','','','','','','','','','','','','','','','','','','','',''),('18','test18','13000000018','2018-03-01','开发部','1','','','初中','','','','','','','','','','','','','','','','','','','','','','','','','','','','','','','','','','','','','','','','','','','','','','','','','','',''),('19','test19','13000000019','2018-03-01','开发部','1','','','初中','中国大陆','1234','1234','','','1234','1234','','未婚','','','牛','','','','','','','','','','无','无','','','','','','','','','','','','','','','','统招','','','','','','','','','','','',''),('2','test2','13000000002','2018-03-01','开发部','1','','','初中','','','','','','','','','','','','','','','','','','','','','','','','','','','','','','','','','','','','','','','','','','','','','','','','','','',''),('20','test20','13000000020','2018-03-01','开发部','1','','','初中','','','','','','','','','','','','','','','','','','','','','','','','','','','','','','','','','','','','','','','','','','','','','','','','','','',''),('21','test21','13000000021','2018-03-01','开发部','1','','','初中','中国大陆','','','','','','','','','','','','','','','','','','','','','','','','','','','','','','','','','','','','','','','','','','','','','','','','','',''),('22','test22','13000000022','2018-03-01','开发部','1','','','初中','','','','','','','','','','','','','','','','','','','','','','','','','','','','','','','','','','','','','','','','','','','','','','','','','','',''),('23','test23','13000000023','2018-03-01','开发部','1','','','初中','中国大陆','1234','1234','','','1234','1234','','未婚','','','牛','','','','','','','','','','无','无','','','','','','','','','','','','','','','','统招','','','','','','','','','','','',''),('24','test24','13000000024','2018-03-01','开发部','1','','','初中','','','','','','','','','','','','','','','','','','','','','','','','','','','','','','','','','','','','','','','','','','','','','','','','','','',''),('25','test25','13000000025','2018-03-01','开发部','1','','','初中','中国大陆','','','','','','','','','','','','','','','','','','','','','','','','','','','','','','','','','','','','','','','','','','','','','','','','','',''),('26','test26','13000000026','2018-03-01','开发部','1','','','初中','','','','','','','','','','','','','','','','','','','','','','','','','','','','','','','','','','','','','','','','','','','','','','','','','','',''),('27','test27','13000000027','2018-03-01','开发部','1','','','初中','中国大陆','1234','1234','','','1234','1234','','未婚','','','牛','','','','','','','','','','无','无','','','','','','','','','','','','','','','','统招','','','','','','','','','','','',''),('28','test28','13000000028','2018-03-01','开发部','1','','','初中','','','','','','','','','','','','','','','','','','','','','','','','','','','','','','','','','','','','','','','','','','','','','','','','','','',''),('29','test29','13000000029','2018-03-01','开发部','1','','','初中','中国大陆','','','','','','','','','','','','','','','','','','','','','','','','','','','','','','','','','','','','','','','','','','','','','','','','','',''),('3','test3','13000000003','2018-03-01','开发部','1','','','初中','中国大陆','1234','1234','','','1234','1234','','未婚','','','牛','','','','','','','','','','无','无','','','','','','','','','','','','','','','','统招','','','','','','','','','','','',''),('30','test30','13000000030','2018-03-01','开发部','1','','','初中','','','','','','','','','','','','','','','','','','','','','','','','','','','','','','','','','','','','','','','','','','','','','','','','','','',''),('31','test31','13000000031','2018-03-01','开发部','1','','','初中','中国大陆','1234','1234','','','1234','1234','','未婚','','','牛','','','','','','','','','','无','无','','','','','','','','','','','','','','','','统招','','','','','','','','','','','',''),('32','test32','13000000032','2018-03-01','开发部','1','','','初中','','','','','','','','','','','','','','','','','','','','','','','','','','','','','','','','','','','','','','','','','','','','','','','','','','',''),('33','test33','13000000033','2018-03-01','开发部','1','','','初中','中国大陆','','','','','','','','','','','','','','','','','','','','','','','','','','','','','','','','','','','','','','','','','','','','','','','','','',''),('34','test34','13000000034','2018-03-01','开发部','1','','','初中','','','','','','','','','','','','','','','','','','','','','','','','','','','','','','','','','','','','','','','','','','','','','','','','','','',''),('35','test35','13000000035','2018-03-01','开发部','1','','','初中','中国大陆','1234','1234','','','1234','1234','','未婚','','','牛','','','','','','','','','','无','无','','','','','','','','','','','','','','','','统招','','','','','','','','','','','',''),('36','test36','13000000036','2018-03-01','开发部','1','','','初中','','','','','','','','','','','','','','','','','','','','','','','','','','','','','','','','','','','','','','','','','','','','','','','','','','',''),('37','test37','13000000037','2018-03-01','开发部','1','','','初中','中国大陆','','','','','','','','','','','','','','','','','','','','','','','','','','','','','','','','','','','','','','','','','','','','','','','','','',''),('38','test38','13000000038','2018-03-01','开发部','1','','','初中','','','','','','','','','','','','','','','','','','','','','','','','','','','','','','','','','','','','','','','','','','','','','','','','','','',''),('39','test39','13000000039','2018-03-01','开发部','1','','','初中','中国大陆','1234','1234','','','1234','1234','','未婚','','','牛','','','','','','','','','','无','无','','','','','','','','','','','','','','','','统招','','','','','','','','','','','',''),('4','test4','13000000004','2018-03-01','开发部','1','','','初中','','','','','','','','','','','','','','','','','','','','','','','','','','','','','','','','','','','','','','','','','','','','','','','','','','',''),('40','test40','13000000040','2018-03-01','开发部','1','','','初中','','','','','','','','','','','','','','','','','','','','','','','','','','','','','','','','','','','','','','','','','','','','','','','','','','',''),('41','test41','13000000041','2018-03-01','开发部','1','','','初中','中国大陆','','','','','','','','','','','','','','','','','','','','','','','','','','','','','','','','','','','','','','','','','','','','','','','','','',''),('42','test42','13000000042','2018-03-01','开发部','1','','','初中','','','','','','','','','','','','','','','','','','','','','','','','','','','','','','','','','','','','','','','','','','','','','','','','','','',''),('43','test43','13000000043','2018-03-01','开发部','1','','','初中','中国大陆','1234','1234','','','1234','1234','','未婚','','','牛','','','','','','','','','','无','无','','','','','','','','','','','','','','','','统招','','','','','','','','','','','',''),('44','test44','13000000044','2018-03-01','开发部','1','','','初中','','','','','','','','','','','','','','','','','','','','','','','','','','','','','','','','','','','','','','','','','','','','','','','','','','',''),('45','test45','13000000045','2018-03-01','开发部','1','','','初中','中国大陆','','','','','','','','','','','','','','','','','','','','','','','','','','','','','','','','','','','','','','','','','','','','','','','','','',''),('46','test46','13000000046','2018-03-01','开发部','1','','','初中','','','','','','','','','','','','','','','','','','','','','','','','','','','','','','','','','','','','','','','','','','','','','','','','','','',''),('47','test47','13000000047','2018-03-01','开发部','1','','','初中','中国大陆','1234','1234','','','1234','1234','','未婚','','','牛','','','','','','','','','','无','无','','','','','','','','','','','','','','','','统招','','','','','','','','','','','',''),('48','test48','13000000048','2018-03-01','开发部','1','','','初中','','','','','','','','','','','','','','','','','','','','','','','','','','','','','','','','','','','','','','','','','','','','','','','','','','',''),('49','test49','13000000049','2018-03-01','开发部','1','','','初中','中国大陆','','','','','','','','','','','','','','','','','','','','','','','','','','','','','','','','','','','','','','','','','','','','','','','','','',''),('5','test5','13000000005','2018-03-01','开发部','1','','','初中','中国大陆','','','','','','','','','','','','','','','','','','','','','','','','','','','','','','','','','','','','','','','','','','','','','','','','','',''),('50','test50','13000000050','2018-03-01','开发部','1','','','初中','','','','','','','','','','','','','','','','','','','','','','','','','','','','','','','','','','','','','','','','','','','','','','','','','','',''),('51','test51','13000000051','2018-03-01','开发部','1','','','初中','中国大陆','1234','1234','','','1234','1234','','未婚','','','牛','','','','','','','','','','无','无','','','','','','','','','','','','','','','','统招','','','','','','','','','','','',''),('52','test52','13000000052','2018-03-01','开发部','1','','','初中','','','','','','','','','','','','','','','','','','','','','','','','','','','','','','','','','','','','','','','','','','','','','','','','','','',''),('53','test53','13000000053','2018-03-01','开发部','1','','','初中','中国大陆','','','','','','','','','','','','','','','','','','','','','','','','','','','','','','','','','','','','','','','','','','','','','','','','','',''),('54','test54','13000000054','2018-03-01','开发部','1','','','初中','','','','','','','','','','','','','','','','','','','','','','','','','','','','','','','','','','','','','','','','','','','','','','','','','','',''),('55','test55','13000000055','2018-03-01','开发部','1','','','初中','中国大陆','1234','1234','','','1234','1234','','未婚','','','牛','','','','','','','','','','无','无','','','','','','','','','','','','','','','','统招','','','','','','','','','','','',''),('56','test56','13000000056','2018-03-01','开发部','1','','','初中','','','','','','','','','','','','','','','','','','','','','','','','','','','','','','','','','','','','','','','','','','','','','','','','','','',''),('57','test57','13000000057','2018-03-01','开发部','1','','','初中','中国大陆','','','','','','','','','','','','','','','','','','','','','','','','','','','','','','','','','','','','','','','','','','','','','','','','','',''),('58','test58','13000000058','2018-03-01','开发部','1','','','初中','','','','','','','','','','','','','','','','','','','','','','','','','','','','','','','','','','','','','','','','','','','','','','','','','','',''),('59','test59','13000000059','2018-03-01','开发部','1','','','初中','中国大陆','1234','1234','','','1234','1234','','未婚','','','牛','','','','','','','','','','无','无','','','','','','','','','','','','','','','','统招','','','','','','','','','','','',''),('6','test6','13000000006','2018-03-01','开发部','1','','','初中','','','','','','','','','','','','','','','','','','','','','','','','','','','','','','','','','','','','','','','','','','','','','','','','','','',''),('60','test60','13000000060','2018-03-01','开发部','1','','','初中','','','','','','','','','','','','','','','','','','','','','','','','','','','','','','','','','','','','','','','','','','','','','','','','','','',''),('61','test61','13000000061','2018-03-01','开发部','1','','','初中','中国大陆','','','','','','','','','','','','','','','','','','','','','','','','','','','','','','','','','','','','','','','','','','','','','','','','','',''),('62','test62','13000000062','2018-03-01','开发部','1','','','初中','','','','','','','','','','','','','','','','','','','','','','','','','','','','','','','','','','','','','','','','','','','','','','','','','','',''),('63','test63','13000000063','2018-03-01','开发部','1','','','初中','中国大陆','1234','1234','','','1234','1234','','未婚','','','牛','','','','','','','','','','无','无','','','','','','','','','','','','','','','','统招','','','','','','','','','','','',''),('64','test64','13000000064','2018-03-01','开发部','1','','','初中','','','','','','','','','','','','','','','','','','','','','','','','','','','','','','','','','','','','','','','','','','','','','','','','','','',''),('65','test65','13000000065','2018-03-01','开发部','1','','','初中','中国大陆','','','','','','','','','','','','','','','','','','','','','','','','','','','','','','','','','','','','','','','','','','','','','','','','','',''),('66','test66','13000000066','2018-03-01','开发部','1','','','初中','','','','','','','','','','','','','','','','','','','','','','','','','','','','','','','','','','','','','','','','','','','','','','','','','','',''),('67','test67','13000000067','2018-03-01','开发部','1','','','初中','中国大陆','1234','1234','','','1234','1234','','未婚','','','牛','','','','','','','','','','无','无','','','','','','','','','','','','','','','','统招','','','','','','','','','','','',''),('68','test68','13000000068','2018-03-01','开发部','1','','','初中','','','','','','','','','','','','','','','','','','','','','','','','','','','','','','','','','','','','','','','','','','','','','','','','','','',''),('69','test69','13000000069','2018-03-01','开发部','1','','','初中','中国大陆','','','','','','','','','','','','','','','','','','','','','','','','','','','','','','','','','','','','','','','','','','','','','','','','','',''),('70','test70','13000000070','2018-03-01','开发部','1','','','初中','','','','','','','','','','','','','','','','','','','','','','','','','','','','','','','','','','','','','','','','','','','','','','','','','','',''),('71','test71','13000000071','2018-03-01','开发部','1','','','初中','中国大陆','1234','1234','','','1234','1234','','未婚','','','牛','','','','','','','','','','无','无','','','','','','','','','','','','','','','','统招','','','','','','','','','','','',''),('72','test72','13000000072','2018-03-01','开发部','1','','','初中','','','','','','','','','','','','','','','','','','','','','','','','','','','','','','','','','','','','','','','','','','','','','','','','','','',''),('73','test73','13000000073','2018-03-01','开发部','1','','','初中','中国大陆','','','','','','','','','','','','','','','','','','','','','','','','','','','','','','','','','','','','','','','','','','','','','','','','','',''),('74','test74','13000000074','2018-03-01','开发部','1','','','初中','','','','','','','','','','','','','','','','','','','','','','','','','','','','','','','','','','','','','','','','','','','','','','','','','','',''),('75','test75','13000000075','2018-03-01','开发部','1','','','初中','中国大陆','1234','1234','','','1234','1234','','未婚','','','牛','','','','','','','','','','无','无','','','','','','','','','','','','','','','','统招','','','','','','','','','','','',''),('76','test76','13000000076','2018-03-01','开发部','1','','','初中','','','','','','','','','','','','','','','','','','','','','','','','','','','','','','','','','','','','','','','','','','','','','','','','','','',''),('77','test77','13000000077','2018-03-01','开发部','1','','','初中','中国大陆','','','','','','','','','','','','','','','','','','','','','','','','','','','','','','','','','','','','','','','','','','','','','','','','','',''),('78','test78','13000000078','2018-03-01','开发部','1','','','初中','','','','','','','','','','','','','','','','','','','','','','','','','','','','','','','','','','','','','','','','','','','','','','','','','','',''),('79','test79','13000000079','2018-03-01','开发部','1','','','初中','中国大陆','1234','1234','','','1234','1234','','未婚','','','牛','','','','','','','','','','无','无','','','','','','','','','','','','','','','','统招','','','','','','','','','','','',''),('80','test80','13000000080','2018-03-01','开发部','1','','','初中','','','','','','','','','','','','','','','','','','','','','','','','','','','','','','','','','','','','','','','','','','','','','','','','','','',''),('84','test84','13000000084','2018-03-01','开发部','1','','','初中','','','','','','','','','','','','','','','','','','','','','','','','','','','','','','','','','','','','','','','','','','','','','','','','','','',''),('85','test85','13000000085','2018-03-01','开发部','1','','','初中','中国大陆','','','','','','','','','','','','','','','','','','','','','','','','','','','','','','','','','','','','','','','','','','','','','','','','','',''),('86','test86','13000000086','2018-03-01','开发部','1','','','初中','','','','','','','','','','','','','','','','','','','','','','','','','','','','','','','','','','','','','','','','','','','','','','','','','','',''),('87','test87','13000000087','2018-03-01','开发部','1','','','初中','中国大陆','1234','1234','','','1234','1234','','未婚','','','牛','','','','','','','','','','无','无','','','','','','','','','','','','','','','','统招','','','','','','','','','','','',''),('88','test88','13000000088','2018-03-01','开发部','1','','','初中','','','','','','','','','','','','','','','','','','','','','','','','','','','','','','','','','','','','','','','','','','','','','','','','','','',''),('89','test89','13000000089','2018-03-01','开发部','1','','','初中','中国大陆','','','','','','','','','','','','','','','','','','','','','','','','','','','','','','','','','','','','','','','','','','','','','','','','','',''),('90','test90','13000000090','2018-03-01','开发部','1','','','初中','','','','','','','','','','','','','','','','','','','','','','','','','','','','','','','','','','','','','','','','','','','','','','','','','','',''),('91','test91','13000000091','2018-03-01','开发部','1','','','初中','中国大陆','','','','','','','','','','','','','','','','','','','','','','','','','','','','','','','','','','','','','','','','','','','','','','','','','',''),('92','test92','13000000092','2018-03-01','开发部','1','','','初中','','','','','','','','','','','','','','','','','','','','','','','','','','','','','','','','','','','','','','','','','','','','','','','','','','',''),('93','test93','13000000093','2018-03-01','开发部','1','','','初中','中国大陆','1234','1234','','','1234','1234','','未婚','','','牛','','','','','','','','','','无','无','','','','','','','','','','','','','','','','统招','','','','','','','','','','','','');
/*!40000 ALTER TABLE `em_user_company_personal` ENABLE KEYS */;
UNLOCK TABLES;

--
-- Table structure for table `pe_permission`
--

DROP TABLE IF EXISTS `pe_permission`;
/*!40101 SET @saved_cs_client     = @@character_set_client */;
/*!40101 SET character_set_client = utf8 */;
CREATE TABLE `pe_permission` (
  `id` varchar(40) NOT NULL COMMENT '主键',
  `description` text COMMENT '权限描述',
  `name` varchar(255) DEFAULT NULL COMMENT '权限名称',
  `type` tinyint(4) DEFAULT NULL COMMENT '权限类型 1为菜单 2为功能 3为API',
  `pid` varchar(40) DEFAULT '0' COMMENT '主键',
  `code` varchar(20) DEFAULT NULL,
  `en_visible` int(1) DEFAULT NULL COMMENT '企业可见性 0：不可见，1：可见',
  PRIMARY KEY (`id`) USING BTREE
) ENGINE=InnoDB DEFAULT CHARSET=utf8mb4 ROW_FORMAT=DYNAMIC;
/*!40101 SET character_set_client = @saved_cs_client */;

--
-- Dumping data for table `pe_permission`
--

LOCK TABLES `pe_permission` WRITE;
/*!40000 ALTER TABLE `pe_permission` DISABLE KEYS */;
INSERT INTO `pe_permission` VALUES ('1','3','SAAS企业管理',1,'0','saas-clients',0),('1063313020819738624','查看部门的按钮','查看部门',2,'1','point-dept',0),('1063315016368918528','用户管理菜单','员工管理',1,'0','employees',1),('1063315194329042944','用户删除按钮','用户删除按钮',2,'1063315016368918528','point-user-delete',1),('1063322760811515904','删除api','删除用户api',3,'1063315194329042944','API-USER-DELETE',1),('1063327833876729856','组织架构菜单','组织架构',1,'0','departments',1),('1063328114689576960','公司设置菜单','公司设置',1,'0','settings',1),('1063328310592933888','用户添加按钮','用户添加按钮',2,'1063315016368918528','POINT-USER-ADD',1),('1063328532492587008','用户修改按钮','用户修改按钮',2,'1063315016368918528','POINT-USER-UPDATE',1),('1064104257952813056',NULL,'权限管理',1,'0','permissions',1),('1064553683007705088','test','test',1,'0','test',1),('1067396481381625856','啊啊啊','啊啊啊',1,'0','啊啊啊',1),('1146308691438043136',NULL,'社保',1,'0','social_securitys',1),('1151424682926747648','考勤','考勤',1,'0','attendances',1),('1151747519034093568','工资模块','工资',1,'0','salarys',1),('1156085524669272064','员工自助','员工自助',1,'0','user',1),('1172702828368498688','审批','审批',1,'0','approvals',1);
/*!40000 ALTER TABLE `pe_permission` ENABLE KEYS */;
UNLOCK TABLES;

--
-- Table structure for table `pe_permission_api`
--

DROP TABLE IF EXISTS `pe_permission_api`;
/*!40101 SET @saved_cs_client     = @@character_set_client */;
/*!40101 SET character_set_client = utf8 */;
CREATE TABLE `pe_permission_api` (
  `id` varchar(40) NOT NULL COMMENT '主键ID',
  `api_level` varchar(2) DEFAULT NULL COMMENT '权限等级，1为通用接口权限，2为需校验接口权限',
  `api_method` varchar(255) DEFAULT NULL COMMENT '请求类型',
  `api_url` varchar(255) DEFAULT NULL COMMENT '链接',
  PRIMARY KEY (`id`) USING BTREE
) ENGINE=InnoDB DEFAULT CHARSET=utf8mb4 ROW_FORMAT=DYNAMIC;
/*!40101 SET character_set_client = @saved_cs_client */;

--
-- Dumping data for table `pe_permission_api`
--

LOCK TABLES `pe_permission_api` WRITE;
/*!40000 ALTER TABLE `pe_permission_api` DISABLE KEYS */;
INSERT INTO `pe_permission_api` VALUES ('1063322760811515904','1','delete','/sys/user/delete');
/*!40000 ALTER TABLE `pe_permission_api` ENABLE KEYS */;
UNLOCK TABLES;

--
-- Table structure for table `pe_permission_menu`
--

DROP TABLE IF EXISTS `pe_permission_menu`;
/*!40101 SET @saved_cs_client     = @@character_set_client */;
/*!40101 SET character_set_client = utf8 */;
CREATE TABLE `pe_permission_menu` (
  `id` varchar(40) NOT NULL COMMENT '主键ID',
  `menu_icon` varchar(20) DEFAULT NULL COMMENT '权限代码',
  `menu_order` varchar(40) DEFAULT NULL,
  PRIMARY KEY (`id`) USING BTREE
) ENGINE=InnoDB DEFAULT CHARSET=utf8mb4 ROW_FORMAT=DYNAMIC;
/*!40101 SET character_set_client = @saved_cs_client */;

--
-- Dumping data for table `pe_permission_menu`
--

LOCK TABLES `pe_permission_menu` WRITE;
/*!40000 ALTER TABLE `pe_permission_menu` DISABLE KEYS */;
INSERT INTO `pe_permission_menu` VALUES ('1','abc5','14'),('1063315016368918528','menu-user','1'),('1063327833876729856','2','2'),('1063328114689576960','3','3'),('1064104257952813056',NULL,NULL),('1064553683007705088','1','1'),('1067396481381625856','1','1'),('1146308691438043136',NULL,NULL),('1151424682926747648',NULL,NULL),('1151747519034093568',NULL,NULL),('1156085524669272064',NULL,NULL),('1172702828368498688',NULL,NULL),('2','def','2');
/*!40000 ALTER TABLE `pe_permission_menu` ENABLE KEYS */;
UNLOCK TABLES;

--
-- Table structure for table `pe_permission_point`
--

DROP TABLE IF EXISTS `pe_permission_point`;
/*!40101 SET @saved_cs_client     = @@character_set_client */;
/*!40101 SET character_set_client = utf8 */;
CREATE TABLE `pe_permission_point` (
  `id` varchar(40) NOT NULL COMMENT '主键ID',
  `point_class` varchar(20) DEFAULT NULL COMMENT '按钮类型',
  `point_icon` varchar(20) DEFAULT NULL COMMENT '按钮icon',
  `point_status` int(11) DEFAULT NULL COMMENT '状态',
  PRIMARY KEY (`id`) USING BTREE
) ENGINE=InnoDB DEFAULT CHARSET=utf8mb4 ROW_FORMAT=DYNAMIC;
/*!40101 SET character_set_client = @saved_cs_client */;

--
-- Dumping data for table `pe_permission_point`
--

LOCK TABLES `pe_permission_point` WRITE;
/*!40000 ALTER TABLE `pe_permission_point` DISABLE KEYS */;
INSERT INTO `pe_permission_point` VALUES ('1063313020819738624','dept','dept',1),('1063315194329042944','point-user-delete','point-user-delete',1),('1063328310592933888','POINT-USER-ADD','POINT-USER-ADD',1),('1063328532492587008','POINT-USER-UPDATE','POINT-USER-UPDATE',1);
/*!40000 ALTER TABLE `pe_permission_point` ENABLE KEYS */;
UNLOCK TABLES;

--
-- Table structure for table `pe_role`
--

DROP TABLE IF EXISTS `pe_role`;
/*!40101 SET @saved_cs_client     = @@character_set_client */;
/*!40101 SET character_set_client = utf8 */;
CREATE TABLE `pe_role` (
  `id` varchar(40) NOT NULL COMMENT '主键ID',
  `name` varchar(40) DEFAULT NULL COMMENT '权限名称',
  `description` varchar(255) DEFAULT NULL COMMENT '说明',
  `company_id` varchar(40) DEFAULT NULL COMMENT '企业id',
  PRIMARY KEY (`id`) USING BTREE,
  UNIQUE KEY `UK_k3beff7qglfn58qsf2yvbg41i` (`name`) USING BTREE
) ENGINE=InnoDB DEFAULT CHARSET=utf8mb4 ROW_FORMAT=DYNAMIC;
/*!40101 SET character_set_client = @saved_cs_client */;

--
-- Dumping data for table `pe_role`
--

LOCK TABLES `pe_role` WRITE;
/*!40000 ALTER TABLE `pe_role` DISABLE KEYS */;
INSERT INTO `pe_role` VALUES ('1062944989845262336','人事经理','负责整合人事部门','1'),('1064098829009293312','系统管理员','管理整合平台，可以操作企业所有功能','1'),('1064098935443951616','人事专员','只能操作员工菜单','1'),('1064099035536822272','薪资专员','绩效管理','1'),('1064099035536822276','员工','员工','1'),('1797877018558328832','新角色','新角色新角色新角色','1');
/*!40000 ALTER TABLE `pe_role` ENABLE KEYS */;
UNLOCK TABLES;

--
-- Table structure for table `pe_role_permission`
--

DROP TABLE IF EXISTS `pe_role_permission`;
/*!40101 SET @saved_cs_client     = @@character_set_client */;
/*!40101 SET character_set_client = utf8 */;
CREATE TABLE `pe_role_permission` (
  `role_id` varchar(40) NOT NULL COMMENT '角色ID',
  `permission_id` varchar(40) NOT NULL COMMENT '权限ID',
  PRIMARY KEY (`role_id`,`permission_id`) USING BTREE,
  KEY `FK74qx7rkbtq2wqms78gljv87a0` (`permission_id`) USING BTREE,
  KEY `FKee9dk0vg99shvsytflym6egxd` (`role_id`) USING BTREE
) ENGINE=InnoDB DEFAULT CHARSET=utf8mb4 ROW_FORMAT=DYNAMIC;
/*!40101 SET character_set_client = @saved_cs_client */;

--
-- Dumping data for table `pe_role_permission`
--

LOCK TABLES `pe_role_permission` WRITE;
/*!40000 ALTER TABLE `pe_role_permission` DISABLE KEYS */;
INSERT INTO `pe_role_permission` VALUES ('1062944989845262336','1063315016368918528'),('1797877018558328832','1063315016368918528'),('1797877018558328832','1063315194329042944'),('1797877018558328832','1063322760811515904'),('1062944989845262336','1063328310592933888'),('1797877018558328832','1063328310592933888'),('1062944989845262336','1063328532492587008'),('1797877018558328832','1063328532492587008'),('1062944989845262336','1146308691438043136'),('1062944989845262336','1151424682926747648'),('1062944989845262336','1151747519034093568'),('1062944989845262336','1156085524669272064'),('1064099035536822276','1156085524669272064'),('1062944989845262336','1172702828368498688');
/*!40000 ALTER TABLE `pe_role_permission` ENABLE KEYS */;
UNLOCK TABLES;

--
-- Table structure for table `pe_user_role`
--

DROP TABLE IF EXISTS `pe_user_role`;
/*!40101 SET @saved_cs_client     = @@character_set_client */;
/*!40101 SET character_set_client = utf8 */;
CREATE TABLE `pe_user_role` (
  `role_id` varchar(40) NOT NULL COMMENT '角色ID',
  `user_id` varchar(40) NOT NULL COMMENT '权限ID',
  PRIMARY KEY (`role_id`,`user_id`) USING BTREE,
  KEY `FK74qx7rkbtq2wqms78gljv87a1` (`role_id`) USING BTREE,
  KEY `FKee9dk0vg99shvsytflym6egx1` (`user_id`) USING BTREE
) ENGINE=InnoDB DEFAULT CHARSET=utf8mb4 ROW_FORMAT=DYNAMIC;
/*!40101 SET character_set_client = @saved_cs_client */;

--
-- Dumping data for table `pe_user_role`
--

LOCK TABLES `pe_user_role` WRITE;
/*!40000 ALTER TABLE `pe_user_role` DISABLE KEYS */;
INSERT INTO `pe_user_role` VALUES ('1062944989845262336','1066370498633486336'),('1062944989845262336','1074238801330704384'),('1062944989845262336','1074238801402007552'),('1062944989845262336','1075383133106425856'),('1062944989845262336','1075383135371350016'),('1062944989845262336','1075383135459430400'),('1062944989845262336','1797832259793895424'),('1064098829009293312','1074238801330704384'),('1064098829009293312','1074238801402007552'),('1064098829009293312','1075383133106425856'),('1064098829009293312','1075383135371350016'),('1064098829009293312','1075383135459430400'),('1064098829009293312','1797832259793895424'),('1064098935443951616','1074238801330704384'),('1064098935443951616','1074238801402007552'),('1064098935443951616','1075383133106425856'),('1064098935443951616','1075383135371350016'),('1064098935443951616','1075383135459430400'),('1064098935443951616','1797832259793895424'),('1064099035536822272','1074238801330704384'),('1064099035536822272','1074238801402007552'),('1064099035536822272','1075383133106425856'),('1064099035536822272','1075383135371350016'),('1064099035536822272','1075383135459430400'),('1064099035536822272','1797832259793895424'),('1064099035536822276','1071632760222810112'),('1064099035536822276','1074238801330704384'),('1064099035536822276','1074238801402007552'),('1064099035536822276','1075383133106425856'),('1064099035536822276','1075383135371350016'),('1064099035536822276','1075383135459430400'),('1064099035536822276','1797832259793895424'),('1797877018558328832','1797832259793895424');
/*!40000 ALTER TABLE `pe_user_role` ENABLE KEYS */;
UNLOCK TABLES;

--
-- Table structure for table `ss_archive`
--

DROP TABLE IF EXISTS `ss_archive`;
/*!40101 SET @saved_cs_client     = @@character_set_client */;
/*!40101 SET character_set_client = utf8 */;
CREATE TABLE `ss_archive` (
  `id` varchar(40) NOT NULL COMMENT 'id',
  `company_id` varchar(40) NOT NULL COMMENT '企业id',
  `years_month` varchar(255) NOT NULL COMMENT '年月',
  `creation_time` date DEFAULT NULL COMMENT '创建时间',
  `enterprise_payment` decimal(10,2) NOT NULL DEFAULT '0.00' COMMENT '企业缴纳',
  `personal_payment` decimal(10,2) NOT NULL DEFAULT '0.00' COMMENT '个人缴纳',
  `total` decimal(10,2) NOT NULL DEFAULT '0.00' COMMENT '合计',
  PRIMARY KEY (`id`)
) ENGINE=InnoDB DEFAULT CHARSET=utf8 COMMENT='社保-归档表';
/*!40101 SET character_set_client = @saved_cs_client */;

--
-- Dumping data for table `ss_archive`
--

LOCK TABLES `ss_archive` WRITE;
/*!40000 ALTER TABLE `ss_archive` DISABLE KEYS */;
INSERT INTO `ss_archive` VALUES ('1151336210085924864','1','201906','2019-07-17',9129.47,5623.84,14753.30),('1164547240792375296','1','201808','2019-08-22',7219.47,4363.84,11583.30),('1164551754215813120','1','201809','2019-08-23',7219.47,4363.84,11583.30),('1166213907154939904','1','201907',NULL,8804.87,8804.87,17609.74);
/*!40000 ALTER TABLE `ss_archive` ENABLE KEYS */;
UNLOCK TABLES;

--
-- Table structure for table `ss_archive_detail`
--

DROP TABLE IF EXISTS `ss_archive_detail`;
/*!40101 SET @saved_cs_client     = @@character_set_client */;
/*!40101 SET character_set_client = utf8 */;
CREATE TABLE `ss_archive_detail` (
  `id` varchar(40) NOT NULL COMMENT 'id',
  `archive_id` varchar(40) NOT NULL COMMENT '归档id',
  `user_id` varchar(40) DEFAULT NULL COMMENT '用户id',
  `username` varchar(255) DEFAULT NULL COMMENT '用户名称',
  `time_of_entry` varchar(255) DEFAULT NULL COMMENT '入职时间',
  `mobile` varchar(255) DEFAULT NULL COMMENT '手机号',
  `id_number` varchar(255) DEFAULT NULL COMMENT '身份证号',
  `the_highest_degree_of_education` varchar(255) DEFAULT NULL COMMENT '学历',
  `opening_bank` varchar(255) DEFAULT NULL COMMENT '开户行',
  `bank_card_number` varchar(255) DEFAULT NULL COMMENT '银行卡号',
  `first_level_department` varchar(255) DEFAULT NULL COMMENT '一级部门',
  `two_level_department` varchar(255) DEFAULT NULL COMMENT '二级部门',
  `working_city` varchar(255) DEFAULT NULL COMMENT '工作城市',
  `social_security_computer_number` varchar(255) DEFAULT NULL COMMENT '社保电脑号',
  `provident_fund_account` varchar(255) DEFAULT NULL COMMENT '公积金账号',
  `leave_date` varchar(255) DEFAULT NULL COMMENT '离职时间',
  `household_registration_type` varchar(255) DEFAULT NULL COMMENT '户籍类型',
  `participating_in_the_city` varchar(255) DEFAULT NULL COMMENT '参保城市',
  `social_security_month` varchar(255) DEFAULT NULL COMMENT '社保月份',
  `social_security_base` decimal(10,2) DEFAULT NULL COMMENT '社保基数',
  `social_security` decimal(10,2) DEFAULT NULL COMMENT '社保合计',
  `social_security_enterprise` decimal(10,2) DEFAULT NULL COMMENT '社保企业',
  `social_security_individual` decimal(10,2) DEFAULT NULL COMMENT '社保个人',
  `provident_fund_city` varchar(255) DEFAULT NULL COMMENT '公积金城市',
  `provident_fund_month` varchar(255) DEFAULT NULL COMMENT '公积金月份',
  `provident_fund_base` decimal(10,2) DEFAULT NULL COMMENT '公积金基数',
  `accumulation_fund_enterprise_base` decimal(10,2) DEFAULT NULL COMMENT '公积金企业基数',
  `proportion_of_provident_fund_enterprises` decimal(10,2) DEFAULT NULL COMMENT '公积金企业比例',
  `individual_base_of_provident_fund` decimal(10,2) DEFAULT NULL COMMENT '公积金个人基数',
  `personal_ratio_of_provident_fund` decimal(10,2) DEFAULT NULL COMMENT '公积金个人比例',
  `total_provident_fund` decimal(10,2) DEFAULT NULL COMMENT '公积金合计',
  `provident_fund_enterprises` decimal(10,2) DEFAULT NULL COMMENT '公积金企业',
  `provident_fund_individual` decimal(10,2) DEFAULT NULL COMMENT '公积金个人',
  `pension_enterprise_base` decimal(10,2) DEFAULT NULL COMMENT '养老企业基数',
  `proportion_of_pension_enterprises` decimal(10,2) DEFAULT NULL COMMENT '养老企业比例',
  `pension_enterprise` decimal(10,2) DEFAULT NULL COMMENT '养老企业',
  `personal_pension_base` decimal(10,2) DEFAULT NULL COMMENT '养老个人基数',
  `personal_pension_ratio` decimal(10,2) DEFAULT NULL COMMENT '养老个人比例',
  `old_age_individual` decimal(10,2) DEFAULT NULL COMMENT '养老个人',
  `unemployment_enterprise_base` decimal(10,2) DEFAULT NULL COMMENT '失业企业基数',
  `proportion_of_unemployed_enterprises` decimal(10,2) DEFAULT NULL COMMENT '失业企业比例',
  `unemployed_enterprise` decimal(10,2) DEFAULT NULL COMMENT '失业企业',
  `the_number_of_unemployed_individuals` decimal(10,2) DEFAULT NULL COMMENT '失业个人基数',
  `percentage_of_unemployed_individuals` decimal(10,2) DEFAULT NULL COMMENT '失业个人比例',
  `unemployed_individual` decimal(10,2) DEFAULT NULL COMMENT '失业个人',
  `medical_enterprise_base` decimal(10,2) DEFAULT NULL COMMENT '医疗企业基数',
  `proportion_of_medical_enterprises` decimal(10,2) DEFAULT NULL COMMENT '医疗企业比例',
  `medical_enterprise` decimal(10,2) DEFAULT NULL COMMENT '医疗企业',
  `medical_personal_base` decimal(10,2) DEFAULT NULL COMMENT '医疗个人基数',
  `medical_personal_ratio` decimal(10,2) DEFAULT NULL COMMENT '医疗个人比例',
  `medical_individual` decimal(10,2) DEFAULT NULL COMMENT '医疗个人',
  `base_of_industrial_injury_enterprises` decimal(10,2) DEFAULT NULL COMMENT '工伤企业基数',
  `proportion_of_industrial_injury_enterprises` decimal(10,2) DEFAULT NULL COMMENT '工伤企业比例',
  `industrial_injury_enterprise` decimal(10,2) DEFAULT NULL COMMENT '工伤企业',
  `fertility_enterprise_base` decimal(10,2) DEFAULT NULL COMMENT '生育企业基数',
  `proportion_of_fertility_enterprises` decimal(10,2) DEFAULT NULL COMMENT '生育企业比例',
  `childbearing_enterprise` decimal(10,2) DEFAULT NULL COMMENT '生育企业',
  `base_of_serious_illness` decimal(10,2) DEFAULT NULL COMMENT '大病企业基数',
  `proportion_of_seriously_ill_enterprises` decimal(10,2) DEFAULT NULL COMMENT '大病企业比例',
  `big_disease_enterprise` decimal(10,2) DEFAULT NULL COMMENT '大病企业',
  `personal_base_of_serious_illness` decimal(10,2) DEFAULT NULL COMMENT '大病个人基数',
  `personal_proportion_of_serious_illness` decimal(10,2) DEFAULT NULL COMMENT '大病个人比例',
  `a_person_of_great_disease` decimal(10,2) DEFAULT NULL COMMENT '大病个人',
  `provident_fund_notes` text COMMENT '公积金备注',
  `social_security_notes` text COMMENT '社保备注',
  `years_month` varchar(40) DEFAULT NULL,
  PRIMARY KEY (`id`)
) ENGINE=InnoDB DEFAULT CHARSET=utf8 COMMENT='社保-归档详情';
/*!40101 SET character_set_client = @saved_cs_client */;

--
-- Dumping data for table `ss_archive_detail`
--

LOCK TABLES `ss_archive_detail` WRITE;
/*!40000 ALTER TABLE `ss_archive_detail` DISABLE KEYS */;
INSERT INTO `ss_archive_detail` VALUES ('1151336210215948288','1151336210085924864','1063705482939731968','cgx','2018-11-01','13800000001',NULL,NULL,NULL,NULL,'',NULL,NULL,NULL,NULL,'--','本市城镇','北京','201906',10000.00,4110.00,2790.00,1320.00,'北京','201906',10000.00,10000.00,0.12,10000.00,0.12,2400.00,1200.00,1200.00,NULL,NULL,NULL,NULL,NULL,NULL,NULL,NULL,NULL,NULL,NULL,NULL,NULL,NULL,NULL,NULL,NULL,NULL,NULL,NULL,NULL,NULL,NULL,NULL,NULL,NULL,NULL,NULL,NULL,NULL,NULL,'6432','201906'),('1151336210215948289','1151336210085924864','1063705989926227968','aj123','2018-11-02','13800000002','001','中专',NULL,NULL,'test1',NULL,NULL,NULL,NULL,'--','本市城镇','北京','201906',10000.00,4120.00,2800.00,1320.00,'北京','201906',10000.00,10000.00,0.12,10000.00,0.12,2400.00,1200.00,1200.00,NULL,NULL,NULL,NULL,NULL,NULL,NULL,NULL,NULL,NULL,NULL,NULL,NULL,NULL,NULL,NULL,NULL,NULL,NULL,NULL,NULL,NULL,NULL,NULL,NULL,NULL,NULL,NULL,NULL,NULL,NULL,NULL,'201906'),('1151336210215948290','1151336210085924864','1066370498633486336','zbz','2018-11-04','13800000003',NULL,NULL,NULL,NULL,'测试部',NULL,NULL,NULL,NULL,'--','本市城镇','北京','201906',3388.00,1450.06,1002.85,447.22,'北京','201906',2277.00,2277.00,6.00,2277.00,6.00,273.24,136.62,136.62,NULL,NULL,NULL,NULL,NULL,NULL,NULL,NULL,NULL,NULL,NULL,NULL,NULL,NULL,NULL,NULL,NULL,NULL,NULL,NULL,NULL,NULL,NULL,NULL,NULL,NULL,NULL,NULL,NULL,NULL,NULL,'sdauy','201906'),('1151336210215948291','1151336210085924864','1071632760222810112','ll','2018-12-02','13800000004',NULL,NULL,NULL,NULL,'测试部',NULL,NULL,NULL,NULL,'--',NULL,NULL,NULL,NULL,NULL,NULL,NULL,NULL,NULL,NULL,NULL,NULL,NULL,NULL,NULL,NULL,NULL,NULL,NULL,NULL,NULL,NULL,NULL,NULL,NULL,NULL,NULL,NULL,NULL,NULL,NULL,NULL,NULL,NULL,NULL,NULL,NULL,NULL,NULL,NULL,NULL,NULL,NULL,NULL,NULL,NULL,NULL,NULL,NULL,NULL),('1151336210215948292','1151336210085924864','1074238801330704384','a01','2018-01-01','13400000001',NULL,NULL,NULL,NULL,'开发部',NULL,NULL,NULL,NULL,'--',NULL,NULL,NULL,NULL,NULL,NULL,NULL,NULL,NULL,NULL,NULL,NULL,NULL,NULL,NULL,NULL,NULL,NULL,NULL,NULL,NULL,NULL,NULL,NULL,NULL,NULL,NULL,NULL,NULL,NULL,NULL,NULL,NULL,NULL,NULL,NULL,NULL,NULL,NULL,NULL,NULL,NULL,NULL,NULL,NULL,NULL,NULL,NULL,NULL,NULL),('1151336210215948293','1151336210085924864','1074238801402007552','a02','2018-01-01','13400000002',NULL,'初中',NULL,NULL,'开发部',NULL,NULL,NULL,NULL,'--',NULL,NULL,NULL,NULL,NULL,NULL,NULL,NULL,NULL,NULL,NULL,NULL,NULL,NULL,NULL,NULL,NULL,NULL,NULL,NULL,NULL,NULL,NULL,NULL,NULL,NULL,NULL,NULL,NULL,NULL,NULL,NULL,NULL,NULL,NULL,NULL,NULL,NULL,NULL,NULL,NULL,NULL,NULL,NULL,NULL,NULL,NULL,NULL,NULL,NULL),('1151336210215948294','1151336210085924864','1075383133106425856','test001','2018-01-01','13500000001',NULL,NULL,NULL,NULL,'开发部',NULL,NULL,NULL,NULL,'--',NULL,NULL,NULL,NULL,NULL,NULL,NULL,NULL,NULL,NULL,NULL,NULL,NULL,NULL,NULL,NULL,NULL,NULL,NULL,NULL,NULL,NULL,NULL,NULL,NULL,NULL,NULL,NULL,NULL,NULL,NULL,NULL,NULL,NULL,NULL,NULL,NULL,NULL,NULL,NULL,NULL,NULL,NULL,NULL,NULL,NULL,NULL,NULL,NULL,NULL),('1151336210215948295','1151336210085924864','1075383135371350016','test002','2018-01-01','13500000002',NULL,NULL,NULL,NULL,'开发部',NULL,NULL,NULL,NULL,'--',NULL,NULL,NULL,NULL,NULL,NULL,NULL,NULL,NULL,NULL,NULL,NULL,NULL,NULL,NULL,NULL,NULL,NULL,NULL,NULL,NULL,NULL,NULL,NULL,NULL,NULL,NULL,NULL,NULL,NULL,NULL,NULL,NULL,NULL,NULL,NULL,NULL,NULL,NULL,NULL,NULL,NULL,NULL,NULL,NULL,NULL,NULL,NULL,NULL,NULL),('1151336210215948296','1151336210085924864','1075383135459430400','test003','2018-01-01','13500000003',NULL,NULL,NULL,NULL,'开发部',NULL,NULL,NULL,NULL,'--',NULL,NULL,NULL,NULL,NULL,NULL,NULL,NULL,NULL,NULL,NULL,NULL,NULL,NULL,NULL,NULL,NULL,NULL,NULL,NULL,NULL,NULL,NULL,NULL,NULL,NULL,NULL,NULL,NULL,NULL,NULL,NULL,NULL,NULL,NULL,NULL,NULL,NULL,NULL,NULL,NULL,NULL,NULL,NULL,NULL,NULL,NULL,NULL,NULL,NULL),('1155652579967242240','1155652579841413120','1063705989926227968','aj123','2018-11-02','13800000002','001','中专',NULL,NULL,'test1',NULL,NULL,NULL,NULL,'--','本市城镇','北京','201907',10000.00,4120.00,2800.00,1320.00,'北京','201907',10000.00,10000.00,0.12,10000.00,0.12,2400.00,1200.00,1200.00,NULL,NULL,NULL,NULL,NULL,NULL,NULL,NULL,NULL,NULL,NULL,NULL,NULL,NULL,NULL,NULL,NULL,NULL,NULL,NULL,NULL,NULL,NULL,NULL,NULL,NULL,NULL,NULL,NULL,NULL,NULL,NULL,'201907'),('1155652579967242241','1155652579841413120','1066370498633486336','zbz','2018-11-04','13800000003',NULL,NULL,NULL,NULL,'测试部',NULL,NULL,NULL,NULL,'--','本市城镇','北京','201907',3388.00,1450.06,1002.85,447.22,'北京','201907',2277.00,2277.00,6.00,2277.00,6.00,273.24,136.62,136.62,NULL,NULL,NULL,NULL,NULL,NULL,NULL,NULL,NULL,NULL,NULL,NULL,NULL,NULL,NULL,NULL,NULL,NULL,NULL,NULL,NULL,NULL,NULL,NULL,NULL,NULL,NULL,NULL,NULL,NULL,NULL,'sdauy','201907'),('1155652579967242242','1155652579841413120','1071632760222810112','ll','2018-12-02','13800000004',NULL,NULL,NULL,NULL,'测试部',NULL,NULL,NULL,NULL,'--',NULL,NULL,NULL,NULL,NULL,NULL,NULL,NULL,NULL,NULL,NULL,NULL,NULL,NULL,NULL,NULL,NULL,NULL,NULL,NULL,NULL,NULL,NULL,NULL,NULL,NULL,NULL,NULL,NULL,NULL,NULL,NULL,NULL,NULL,NULL,NULL,NULL,NULL,NULL,NULL,NULL,NULL,NULL,NULL,NULL,NULL,NULL,NULL,NULL,NULL),('1155652579967242243','1155652579841413120','1074238801330704384','a01','2018-01-01','13400000001',NULL,NULL,NULL,NULL,'开发部',NULL,NULL,NULL,NULL,'--',NULL,NULL,NULL,NULL,NULL,NULL,NULL,NULL,NULL,NULL,NULL,NULL,NULL,NULL,NULL,NULL,NULL,NULL,NULL,NULL,NULL,NULL,NULL,NULL,NULL,NULL,NULL,NULL,NULL,NULL,NULL,NULL,NULL,NULL,NULL,NULL,NULL,NULL,NULL,NULL,NULL,NULL,NULL,NULL,NULL,NULL,NULL,NULL,NULL,NULL),('1155652579967242244','1155652579841413120','1074238801402007552','a02','2018-01-01','13400000002',NULL,'初中',NULL,NULL,'开发部',NULL,NULL,NULL,NULL,'--',NULL,NULL,NULL,NULL,NULL,NULL,NULL,NULL,NULL,NULL,NULL,NULL,NULL,NULL,NULL,NULL,NULL,NULL,NULL,NULL,NULL,NULL,NULL,NULL,NULL,NULL,NULL,NULL,NULL,NULL,NULL,NULL,NULL,NULL,NULL,NULL,NULL,NULL,NULL,NULL,NULL,NULL,NULL,NULL,NULL,NULL,NULL,NULL,NULL,NULL),('1155652579967242245','1155652579841413120','1075383133106425856','test001','2018-01-01','13500000001',NULL,NULL,NULL,NULL,'开发部',NULL,NULL,NULL,NULL,'--',NULL,NULL,NULL,NULL,NULL,NULL,NULL,NULL,NULL,NULL,NULL,NULL,NULL,NULL,NULL,NULL,NULL,NULL,NULL,NULL,NULL,NULL,NULL,NULL,NULL,NULL,NULL,NULL,NULL,NULL,NULL,NULL,NULL,NULL,NULL,NULL,NULL,NULL,NULL,NULL,NULL,NULL,NULL,NULL,NULL,NULL,NULL,NULL,NULL,NULL),('1155652579967242246','1155652579841413120','1075383135371350016','test002','2018-01-01','13500000002',NULL,NULL,NULL,NULL,'开发部',NULL,NULL,NULL,NULL,'--',NULL,NULL,NULL,NULL,NULL,NULL,NULL,NULL,NULL,NULL,NULL,NULL,NULL,NULL,NULL,NULL,NULL,NULL,NULL,NULL,NULL,NULL,NULL,NULL,NULL,NULL,NULL,NULL,NULL,NULL,NULL,NULL,NULL,NULL,NULL,NULL,NULL,NULL,NULL,NULL,NULL,NULL,NULL,NULL,NULL,NULL,NULL,NULL,NULL,NULL),('1155652579967242247','1155652579841413120','1075383135459430400','test003','2018-01-01','13500000003',NULL,NULL,NULL,NULL,'开发部',NULL,NULL,NULL,NULL,'--',NULL,NULL,NULL,NULL,NULL,NULL,NULL,NULL,NULL,NULL,NULL,NULL,NULL,NULL,NULL,NULL,NULL,NULL,NULL,NULL,NULL,NULL,NULL,NULL,NULL,NULL,NULL,NULL,NULL,NULL,NULL,NULL,NULL,NULL,NULL,NULL,NULL,NULL,NULL,NULL,NULL,NULL,NULL,NULL,NULL,NULL,NULL,NULL,NULL,NULL),('1164549917664309248','1164547240792375296','1063705989926227968','itcast','2018-11-02','13800000002',NULL,'本科',NULL,NULL,'test1',NULL,NULL,NULL,NULL,'--','本市城镇','北京','201808',10000.00,4120.00,2800.00,1320.00,'北京','201808',10000.00,10000.00,0.12,10000.00,0.12,2400.00,1200.00,1200.00,NULL,NULL,NULL,NULL,NULL,NULL,NULL,NULL,NULL,NULL,NULL,NULL,NULL,NULL,NULL,NULL,NULL,NULL,NULL,NULL,NULL,NULL,NULL,NULL,NULL,NULL,NULL,NULL,NULL,NULL,NULL,NULL,'201808'),('1164549917664309249','1164547240792375296','1066370498633486336','zbz','2018-11-04','13800000003',NULL,NULL,NULL,NULL,'测试部',NULL,NULL,NULL,NULL,'--','本市城镇','北京','201808',3388.00,1450.06,1002.85,447.22,'北京','201808',2277.00,2277.00,6.00,2277.00,6.00,273.24,136.62,136.62,NULL,NULL,NULL,NULL,NULL,NULL,NULL,NULL,NULL,NULL,NULL,NULL,NULL,NULL,NULL,NULL,NULL,NULL,NULL,NULL,NULL,NULL,NULL,NULL,NULL,NULL,NULL,NULL,NULL,NULL,NULL,'sdauy','201808'),('1164549917664309250','1164547240792375296','1071632760222810112','ll','2018-12-02','13800000004',NULL,NULL,NULL,NULL,'测试部',NULL,NULL,NULL,NULL,'--','本市农村','北京','201808',5000.00,2140.00,1480.00,660.00,'北京','201808',5000.00,5000.00,12.00,5000.00,12.00,1200.00,600.00,600.00,NULL,NULL,NULL,NULL,NULL,NULL,NULL,NULL,NULL,NULL,NULL,NULL,NULL,NULL,NULL,NULL,NULL,NULL,NULL,NULL,NULL,NULL,NULL,NULL,NULL,NULL,NULL,NULL,NULL,NULL,NULL,NULL,'201808'),('1164549917664309251','1164547240792375296','1074238801330704384','a01','2018-01-01','13400000001',NULL,NULL,NULL,NULL,'开发部',NULL,NULL,NULL,NULL,'--',NULL,NULL,NULL,NULL,NULL,NULL,NULL,NULL,NULL,NULL,NULL,NULL,NULL,NULL,NULL,NULL,NULL,NULL,NULL,NULL,NULL,NULL,NULL,NULL,NULL,NULL,NULL,NULL,NULL,NULL,NULL,NULL,NULL,NULL,NULL,NULL,NULL,NULL,NULL,NULL,NULL,NULL,NULL,NULL,NULL,NULL,NULL,NULL,NULL,NULL),('1164549917664309252','1164547240792375296','1074238801402007552','a02','2018-01-01','13400000002',NULL,'初中',NULL,NULL,'开发部',NULL,NULL,NULL,NULL,'--',NULL,NULL,NULL,NULL,NULL,NULL,NULL,NULL,NULL,NULL,NULL,NULL,NULL,NULL,NULL,NULL,NULL,NULL,NULL,NULL,NULL,NULL,NULL,NULL,NULL,NULL,NULL,NULL,NULL,NULL,NULL,NULL,NULL,NULL,NULL,NULL,NULL,NULL,NULL,NULL,NULL,NULL,NULL,NULL,NULL,NULL,NULL,NULL,NULL,NULL),('1164549917664309253','1164547240792375296','1075383133106425856','test001','2018-01-01','13500000001',NULL,NULL,NULL,NULL,'开发部',NULL,NULL,NULL,NULL,'--',NULL,NULL,NULL,NULL,NULL,NULL,NULL,NULL,NULL,NULL,NULL,NULL,NULL,NULL,NULL,NULL,NULL,NULL,NULL,NULL,NULL,NULL,NULL,NULL,NULL,NULL,NULL,NULL,NULL,NULL,NULL,NULL,NULL,NULL,NULL,NULL,NULL,NULL,NULL,NULL,NULL,NULL,NULL,NULL,NULL,NULL,NULL,NULL,NULL,NULL),('1164549917664309254','1164547240792375296','1075383135371350016','test002','2018-01-01','13500000002',NULL,NULL,NULL,NULL,'开发部',NULL,NULL,NULL,NULL,'--',NULL,NULL,NULL,NULL,NULL,NULL,NULL,NULL,NULL,NULL,NULL,NULL,NULL,NULL,NULL,NULL,NULL,NULL,NULL,NULL,NULL,NULL,NULL,NULL,NULL,NULL,NULL,NULL,NULL,NULL,NULL,NULL,NULL,NULL,NULL,NULL,NULL,NULL,NULL,NULL,NULL,NULL,NULL,NULL,NULL,NULL,NULL,NULL,NULL,NULL),('1164549917664309255','1164547240792375296','1075383135459430400','test003','2018-01-01','13500000003',NULL,NULL,NULL,NULL,'开发部',NULL,NULL,NULL,NULL,'--',NULL,NULL,NULL,NULL,NULL,NULL,NULL,NULL,NULL,NULL,NULL,NULL,NULL,NULL,NULL,NULL,NULL,NULL,NULL,NULL,NULL,NULL,NULL,NULL,NULL,NULL,NULL,NULL,NULL,NULL,NULL,NULL,NULL,NULL,NULL,NULL,NULL,NULL,NULL,NULL,NULL,NULL,NULL,NULL,NULL,NULL,NULL,NULL,NULL,NULL),('1164551173657030656','1164551173606699008','1063705989926227968','itcast','2018-11-02','13800000002',NULL,'本科',NULL,NULL,'test1',NULL,NULL,NULL,NULL,'--','本市城镇','北京','201809',10000.00,4120.00,2800.00,1320.00,'北京','201809',10000.00,10000.00,0.12,10000.00,0.12,2400.00,1200.00,1200.00,NULL,NULL,NULL,NULL,NULL,NULL,NULL,NULL,NULL,NULL,NULL,NULL,NULL,NULL,NULL,NULL,NULL,NULL,NULL,NULL,NULL,NULL,NULL,NULL,NULL,NULL,NULL,NULL,NULL,NULL,NULL,NULL,'201809'),('1164551173657030657','1164551173606699008','1066370498633486336','zbz','2018-11-04','13800000003',NULL,NULL,NULL,NULL,'测试部',NULL,NULL,NULL,NULL,'--','本市城镇','北京','201809',3388.00,1450.06,1002.85,447.22,'北京','201809',2277.00,2277.00,6.00,2277.00,6.00,273.24,136.62,136.62,NULL,NULL,NULL,NULL,NULL,NULL,NULL,NULL,NULL,NULL,NULL,NULL,NULL,NULL,NULL,NULL,NULL,NULL,NULL,NULL,NULL,NULL,NULL,NULL,NULL,NULL,NULL,NULL,NULL,NULL,NULL,'sdauy','201809'),('1164551173657030658','1164551173606699008','1071632760222810112','ll','2018-12-02','13800000004',NULL,NULL,NULL,NULL,'测试部',NULL,NULL,NULL,NULL,'--','本市农村','北京','201809',5000.00,2140.00,1480.00,660.00,'北京','201809',5000.00,5000.00,12.00,5000.00,12.00,1200.00,600.00,600.00,NULL,NULL,NULL,NULL,NULL,NULL,NULL,NULL,NULL,NULL,NULL,NULL,NULL,NULL,NULL,NULL,NULL,NULL,NULL,NULL,NULL,NULL,NULL,NULL,NULL,NULL,NULL,NULL,NULL,NULL,NULL,NULL,'201809'),('1164551173657030659','1164551173606699008','1074238801330704384','a01','2018-01-01','13400000001',NULL,NULL,NULL,NULL,'开发部',NULL,NULL,NULL,NULL,'--',NULL,NULL,NULL,NULL,NULL,NULL,NULL,NULL,NULL,NULL,NULL,NULL,NULL,NULL,NULL,NULL,NULL,NULL,NULL,NULL,NULL,NULL,NULL,NULL,NULL,NULL,NULL,NULL,NULL,NULL,NULL,NULL,NULL,NULL,NULL,NULL,NULL,NULL,NULL,NULL,NULL,NULL,NULL,NULL,NULL,NULL,NULL,NULL,NULL,NULL),('1164551173657030660','1164551173606699008','1074238801402007552','a02','2018-01-01','13400000002',NULL,'初中',NULL,NULL,'开发部',NULL,NULL,NULL,NULL,'--',NULL,NULL,NULL,NULL,NULL,NULL,NULL,NULL,NULL,NULL,NULL,NULL,NULL,NULL,NULL,NULL,NULL,NULL,NULL,NULL,NULL,NULL,NULL,NULL,NULL,NULL,NULL,NULL,NULL,NULL,NULL,NULL,NULL,NULL,NULL,NULL,NULL,NULL,NULL,NULL,NULL,NULL,NULL,NULL,NULL,NULL,NULL,NULL,NULL,NULL),('1164551173657030661','1164551173606699008','1075383133106425856','test001','2018-01-01','13500000001',NULL,NULL,NULL,NULL,'开发部',NULL,NULL,NULL,NULL,'--',NULL,NULL,NULL,NULL,NULL,NULL,NULL,NULL,NULL,NULL,NULL,NULL,NULL,NULL,NULL,NULL,NULL,NULL,NULL,NULL,NULL,NULL,NULL,NULL,NULL,NULL,NULL,NULL,NULL,NULL,NULL,NULL,NULL,NULL,NULL,NULL,NULL,NULL,NULL,NULL,NULL,NULL,NULL,NULL,NULL,NULL,NULL,NULL,NULL,NULL),('1164551173657030662','1164551173606699008','1075383135371350016','test002','2018-01-01','13500000002',NULL,NULL,NULL,NULL,'开发部',NULL,NULL,NULL,NULL,'--',NULL,NULL,NULL,NULL,NULL,NULL,NULL,NULL,NULL,NULL,NULL,NULL,NULL,NULL,NULL,NULL,NULL,NULL,NULL,NULL,NULL,NULL,NULL,NULL,NULL,NULL,NULL,NULL,NULL,NULL,NULL,NULL,NULL,NULL,NULL,NULL,NULL,NULL,NULL,NULL,NULL,NULL,NULL,NULL,NULL,NULL,NULL,NULL,NULL,NULL),('1164551173657030663','1164551173606699008','1075383135459430400','test003','2018-01-01','13500000003',NULL,NULL,NULL,NULL,'开发部',NULL,NULL,NULL,NULL,'--',NULL,NULL,NULL,NULL,NULL,NULL,NULL,NULL,NULL,NULL,NULL,NULL,NULL,NULL,NULL,NULL,NULL,NULL,NULL,NULL,NULL,NULL,NULL,NULL,NULL,NULL,NULL,NULL,NULL,NULL,NULL,NULL,NULL,NULL,NULL,NULL,NULL,NULL,NULL,NULL,NULL,NULL,NULL,NULL,NULL,NULL,NULL,NULL,NULL,NULL),('1164800076432408576','1164551754215813120','1063705989926227968','itcast','2018-11-02','13800000002',NULL,'本科',NULL,NULL,'test1',NULL,NULL,NULL,NULL,'--','本市城镇','北京','201809',10000.00,4120.00,2800.00,1320.00,'北京','201809',10000.00,10000.00,0.12,10000.00,0.12,2400.00,1200.00,1200.00,NULL,NULL,NULL,NULL,NULL,NULL,NULL,NULL,NULL,NULL,NULL,NULL,NULL,NULL,NULL,NULL,NULL,NULL,NULL,NULL,NULL,NULL,NULL,NULL,NULL,NULL,NULL,NULL,NULL,NULL,NULL,NULL,'201809'),('1164800076432408577','1164551754215813120','1066370498633486336','zbz','2018-11-04','13800000003',NULL,NULL,NULL,NULL,'测试部',NULL,NULL,NULL,NULL,'--','本市城镇','北京','201809',3388.00,1450.06,1002.85,447.22,'北京','201809',2277.00,2277.00,6.00,2277.00,6.00,273.24,136.62,136.62,NULL,NULL,NULL,NULL,NULL,NULL,NULL,NULL,NULL,NULL,NULL,NULL,NULL,NULL,NULL,NULL,NULL,NULL,NULL,NULL,NULL,NULL,NULL,NULL,NULL,NULL,NULL,NULL,NULL,NULL,NULL,'sdauy','201809'),('1164800076432408578','1164551754215813120','1071632760222810112','ll','2018-12-02','13800000004',NULL,NULL,NULL,NULL,'测试部',NULL,NULL,NULL,NULL,'--','本市农村','北京','201809',5000.00,2140.00,1480.00,660.00,'北京','201809',5000.00,5000.00,12.00,5000.00,12.00,1200.00,600.00,600.00,NULL,NULL,NULL,NULL,NULL,NULL,NULL,NULL,NULL,NULL,NULL,NULL,NULL,NULL,NULL,NULL,NULL,NULL,NULL,NULL,NULL,NULL,NULL,NULL,NULL,NULL,NULL,NULL,NULL,NULL,NULL,NULL,'201809'),('1164800076432408579','1164551754215813120','1074238801330704384','a01','2018-01-01','13400000001',NULL,NULL,NULL,NULL,'开发部',NULL,NULL,NULL,NULL,'--',NULL,NULL,NULL,NULL,NULL,NULL,NULL,NULL,NULL,NULL,NULL,NULL,NULL,NULL,NULL,NULL,NULL,NULL,NULL,NULL,NULL,NULL,NULL,NULL,NULL,NULL,NULL,NULL,NULL,NULL,NULL,NULL,NULL,NULL,NULL,NULL,NULL,NULL,NULL,NULL,NULL,NULL,NULL,NULL,NULL,NULL,NULL,NULL,NULL,NULL),('1164800076432408580','1164551754215813120','1074238801402007552','a02','2018-01-01','13400000002',NULL,'初中',NULL,NULL,'开发部',NULL,NULL,NULL,NULL,'--',NULL,NULL,NULL,NULL,NULL,NULL,NULL,NULL,NULL,NULL,NULL,NULL,NULL,NULL,NULL,NULL,NULL,NULL,NULL,NULL,NULL,NULL,NULL,NULL,NULL,NULL,NULL,NULL,NULL,NULL,NULL,NULL,NULL,NULL,NULL,NULL,NULL,NULL,NULL,NULL,NULL,NULL,NULL,NULL,NULL,NULL,NULL,NULL,NULL,NULL),('1164800076432408581','1164551754215813120','1075383133106425856','test001','2018-01-01','13500000001',NULL,NULL,NULL,NULL,'开发部',NULL,NULL,NULL,NULL,'--',NULL,NULL,NULL,NULL,NULL,NULL,NULL,NULL,NULL,NULL,NULL,NULL,NULL,NULL,NULL,NULL,NULL,NULL,NULL,NULL,NULL,NULL,NULL,NULL,NULL,NULL,NULL,NULL,NULL,NULL,NULL,NULL,NULL,NULL,NULL,NULL,NULL,NULL,NULL,NULL,NULL,NULL,NULL,NULL,NULL,NULL,NULL,NULL,NULL,NULL),('1164800076432408582','1164551754215813120','1075383135371350016','test002','2018-01-01','13500000002',NULL,NULL,NULL,NULL,'开发部',NULL,NULL,NULL,NULL,'--',NULL,NULL,NULL,NULL,NULL,NULL,NULL,NULL,NULL,NULL,NULL,NULL,NULL,NULL,NULL,NULL,NULL,NULL,NULL,NULL,NULL,NULL,NULL,NULL,NULL,NULL,NULL,NULL,NULL,NULL,NULL,NULL,NULL,NULL,NULL,NULL,NULL,NULL,NULL,NULL,NULL,NULL,NULL,NULL,NULL,NULL,NULL,NULL,NULL,NULL),('1164800076432408583','1164551754215813120','1075383135459430400','test003','2018-01-01','13500000003',NULL,NULL,NULL,NULL,'开发部',NULL,NULL,NULL,NULL,'--',NULL,NULL,NULL,NULL,NULL,NULL,NULL,NULL,NULL,NULL,NULL,NULL,NULL,NULL,NULL,NULL,NULL,NULL,NULL,NULL,NULL,NULL,NULL,NULL,NULL,NULL,NULL,NULL,NULL,NULL,NULL,NULL,NULL,NULL,NULL,NULL,NULL,NULL,NULL,NULL,NULL,NULL,NULL,NULL,NULL,NULL,NULL,NULL,NULL,NULL),('1166213142670303232','1166213142666108928','1063705989926227968','itcast','2018-11-02 08:00:00','13800000002','1234567890','本科','333','12','test1',NULL,NULL,'123','123',NULL,NULL,'北京','201907',10000.00,4380.00,3060.00,1320.00,'北京','201907',10000.00,10000.00,0.12,10000.00,0.12,24.00,12.00,12.00,NULL,NULL,NULL,NULL,NULL,NULL,NULL,NULL,NULL,NULL,NULL,NULL,NULL,NULL,NULL,NULL,NULL,NULL,NULL,NULL,NULL,NULL,NULL,NULL,NULL,NULL,NULL,NULL,NULL,NULL,'xxx12345','xxxx','201907'),('1166213142674497536','1166213142666108928','1066370498633486336','zbz','2018-11-04 08:00:00','13800000003','1234567890','高中',NULL,NULL,'测试部',NULL,NULL,'x1111',NULL,NULL,NULL,'北京','201907',3388.00,1450.06,1002.85,447.22,'北京','201907',2277.00,2277.00,6.00,2277.00,6.00,273.24,136.62,136.62,NULL,NULL,NULL,NULL,NULL,NULL,NULL,NULL,NULL,NULL,NULL,NULL,NULL,NULL,NULL,NULL,NULL,NULL,NULL,NULL,NULL,NULL,NULL,NULL,NULL,NULL,NULL,NULL,NULL,NULL,NULL,'sdauy','201907'),('1166213142682886144','1166213142666108928','1071632760222810112','ll','2018-12-02 08:00:00','13800000004',NULL,NULL,NULL,NULL,'测试部',NULL,NULL,NULL,NULL,NULL,NULL,'北京','201907',5000.00,2140.00,1480.00,660.00,'北京','201907',5000.00,5000.00,12.00,5000.00,12.00,1200.00,600.00,600.00,NULL,NULL,NULL,NULL,NULL,NULL,NULL,NULL,NULL,NULL,NULL,NULL,NULL,NULL,NULL,NULL,NULL,NULL,NULL,NULL,NULL,NULL,NULL,NULL,NULL,NULL,NULL,NULL,NULL,NULL,NULL,NULL,'201907'),('1166213142691274752','1166213142666108928','1074238801330704384','a01','2018-01-01 00:00:00','13400000001',NULL,NULL,NULL,NULL,'开发部',NULL,NULL,NULL,NULL,NULL,NULL,'北京','201907',5900.00,2584.20,1805.40,778.80,'北京','201907',5900.00,5900.00,12.00,5900.00,12.00,1416.00,708.00,708.00,NULL,NULL,NULL,NULL,NULL,NULL,NULL,NULL,NULL,NULL,NULL,NULL,NULL,NULL,NULL,NULL,NULL,NULL,NULL,NULL,NULL,NULL,NULL,NULL,NULL,NULL,NULL,NULL,NULL,NULL,'11111','2222','201907'),('1166213142716440576','1166213142666108928','1074238801402007552','a02','2018-01-01 00:00:00','13400000002',NULL,'初中',NULL,NULL,'开发部',NULL,NULL,NULL,NULL,NULL,NULL,NULL,NULL,NULL,NULL,NULL,NULL,NULL,NULL,NULL,NULL,NULL,NULL,NULL,NULL,NULL,NULL,NULL,NULL,NULL,NULL,NULL,NULL,NULL,NULL,NULL,NULL,NULL,NULL,NULL,NULL,NULL,NULL,NULL,NULL,NULL,NULL,NULL,NULL,NULL,NULL,NULL,NULL,NULL,NULL,NULL,NULL,NULL,NULL,NULL),('1166213142733217792','1166213142666108928','1075383133106425856','test001','2018-01-01 00:00:00','13500000001',NULL,NULL,NULL,NULL,'开发部',NULL,NULL,NULL,NULL,NULL,NULL,NULL,NULL,NULL,NULL,NULL,NULL,NULL,NULL,NULL,NULL,NULL,NULL,NULL,NULL,NULL,NULL,NULL,NULL,NULL,NULL,NULL,NULL,NULL,NULL,NULL,NULL,NULL,NULL,NULL,NULL,NULL,NULL,NULL,NULL,NULL,NULL,NULL,NULL,NULL,NULL,NULL,NULL,NULL,NULL,NULL,NULL,NULL,NULL,NULL),('1166213142754189312','1166213142666108928','1075383135371350016','test002','2018-01-01 00:00:00','13500000002',NULL,NULL,NULL,NULL,'开发部',NULL,NULL,NULL,NULL,NULL,NULL,NULL,NULL,NULL,NULL,NULL,NULL,NULL,NULL,NULL,NULL,NULL,NULL,NULL,NULL,NULL,NULL,NULL,NULL,NULL,NULL,NULL,NULL,NULL,NULL,NULL,NULL,NULL,NULL,NULL,NULL,NULL,NULL,NULL,NULL,NULL,NULL,NULL,NULL,NULL,NULL,NULL,NULL,NULL,NULL,NULL,NULL,NULL,NULL,NULL),('1166213142762577920','1166213142666108928','1075383135459430400','test003','2018-01-01 00:00:00','13500000003',NULL,NULL,NULL,NULL,'开发部',NULL,NULL,NULL,NULL,NULL,NULL,NULL,NULL,NULL,NULL,NULL,NULL,NULL,NULL,NULL,NULL,NULL,NULL,NULL,NULL,NULL,NULL,NULL,NULL,NULL,NULL,NULL,NULL,NULL,NULL,NULL,NULL,NULL,NULL,NULL,NULL,NULL,NULL,NULL,NULL,NULL,NULL,NULL,NULL,NULL,NULL,NULL,NULL,NULL,NULL,NULL,NULL,NULL,NULL,NULL),('1166213190330179584','1166213190321790976','1063705989926227968','itcast','2018-11-02 08:00:00','13800000002','1234567890','本科','333','12','test1',NULL,NULL,'123','123',NULL,NULL,'北京','201907',10000.00,4380.00,3060.00,1320.00,'北京','201907',10000.00,10000.00,0.12,10000.00,0.12,24.00,12.00,12.00,NULL,NULL,NULL,NULL,NULL,NULL,NULL,NULL,NULL,NULL,NULL,NULL,NULL,NULL,NULL,NULL,NULL,NULL,NULL,NULL,NULL,NULL,NULL,NULL,NULL,NULL,NULL,NULL,NULL,NULL,'xxx12345','xxxx','201907'),('1166213190342762496','1166213190321790976','1066370498633486336','zbz','2018-11-04 08:00:00','13800000003','1234567890','高中',NULL,NULL,'测试部',NULL,NULL,'x1111',NULL,NULL,NULL,'北京','201907',3388.00,1450.06,1002.85,447.22,'北京','201907',2277.00,2277.00,6.00,2277.00,6.00,273.24,136.62,136.62,NULL,NULL,NULL,NULL,NULL,NULL,NULL,NULL,NULL,NULL,NULL,NULL,NULL,NULL,NULL,NULL,NULL,NULL,NULL,NULL,NULL,NULL,NULL,NULL,NULL,NULL,NULL,NULL,NULL,NULL,NULL,'sdauy','201907'),('1166213190359539712','1166213190321790976','1071632760222810112','ll','2018-12-02 08:00:00','13800000004',NULL,NULL,NULL,NULL,'测试部',NULL,NULL,NULL,NULL,NULL,NULL,'北京','201907',5000.00,2140.00,1480.00,660.00,'北京','201907',5000.00,5000.00,12.00,5000.00,12.00,1200.00,600.00,600.00,NULL,NULL,NULL,NULL,NULL,NULL,NULL,NULL,NULL,NULL,NULL,NULL,NULL,NULL,NULL,NULL,NULL,NULL,NULL,NULL,NULL,NULL,NULL,NULL,NULL,NULL,NULL,NULL,NULL,NULL,NULL,NULL,'201907'),('1166213190372122624','1166213190321790976','1074238801330704384','a01','2018-01-01 00:00:00','13400000001',NULL,NULL,NULL,NULL,'开发部',NULL,NULL,NULL,NULL,NULL,NULL,'北京','201907',5900.00,2584.20,1805.40,778.80,'北京','201907',5900.00,5900.00,12.00,5900.00,12.00,1416.00,708.00,708.00,NULL,NULL,NULL,NULL,NULL,NULL,NULL,NULL,NULL,NULL,NULL,NULL,NULL,NULL,NULL,NULL,NULL,NULL,NULL,NULL,NULL,NULL,NULL,NULL,NULL,NULL,NULL,NULL,NULL,NULL,'11111','2222','201907'),('1166213190384705536','1166213190321790976','1074238801402007552','a02','2018-01-01 00:00:00','13400000002',NULL,'初中',NULL,NULL,'开发部',NULL,NULL,NULL,NULL,NULL,NULL,NULL,NULL,NULL,NULL,NULL,NULL,NULL,NULL,NULL,NULL,NULL,NULL,NULL,NULL,NULL,NULL,NULL,NULL,NULL,NULL,NULL,NULL,NULL,NULL,NULL,NULL,NULL,NULL,NULL,NULL,NULL,NULL,NULL,NULL,NULL,NULL,NULL,NULL,NULL,NULL,NULL,NULL,NULL,NULL,NULL,NULL,NULL,NULL,NULL),('1166213190393094144','1166213190321790976','1075383133106425856','test001','2018-01-01 00:00:00','13500000001',NULL,NULL,NULL,NULL,'开发部',NULL,NULL,NULL,NULL,NULL,NULL,NULL,NULL,NULL,NULL,NULL,NULL,NULL,NULL,NULL,NULL,NULL,NULL,NULL,NULL,NULL,NULL,NULL,NULL,NULL,NULL,NULL,NULL,NULL,NULL,NULL,NULL,NULL,NULL,NULL,NULL,NULL,NULL,NULL,NULL,NULL,NULL,NULL,NULL,NULL,NULL,NULL,NULL,NULL,NULL,NULL,NULL,NULL,NULL,NULL),('1166213190409871360','1166213190321790976','1075383135371350016','test002','2018-01-01 00:00:00','13500000002',NULL,NULL,NULL,NULL,'开发部',NULL,NULL,NULL,NULL,NULL,NULL,NULL,NULL,NULL,NULL,NULL,NULL,NULL,NULL,NULL,NULL,NULL,NULL,NULL,NULL,NULL,NULL,NULL,NULL,NULL,NULL,NULL,NULL,NULL,NULL,NULL,NULL,NULL,NULL,NULL,NULL,NULL,NULL,NULL,NULL,NULL,NULL,NULL,NULL,NULL,NULL,NULL,NULL,NULL,NULL,NULL,NULL,NULL,NULL,NULL),('1166213190418259968','1166213190321790976','1075383135459430400','test003','2018-01-01 00:00:00','13500000003',NULL,NULL,NULL,NULL,'开发部',NULL,NULL,NULL,NULL,NULL,NULL,NULL,NULL,NULL,NULL,NULL,NULL,NULL,NULL,NULL,NULL,NULL,NULL,NULL,NULL,NULL,NULL,NULL,NULL,NULL,NULL,NULL,NULL,NULL,NULL,NULL,NULL,NULL,NULL,NULL,NULL,NULL,NULL,NULL,NULL,NULL,NULL,NULL,NULL,NULL,NULL,NULL,NULL,NULL,NULL,NULL,NULL,NULL,NULL,NULL),('1166213907243020288','1166213907154939904','1063705989926227968','itcast','2018-11-02 08:00:00','13800000002','1234567890','本科','333','12','test1',NULL,NULL,'123','123',NULL,NULL,'北京','201907',10000.00,4380.00,3060.00,1320.00,'北京','201907',10000.00,10000.00,0.12,10000.00,0.12,24.00,12.00,12.00,NULL,NULL,NULL,NULL,NULL,NULL,NULL,NULL,NULL,NULL,NULL,NULL,NULL,NULL,NULL,NULL,NULL,NULL,NULL,NULL,NULL,NULL,NULL,NULL,NULL,NULL,NULL,NULL,NULL,NULL,'xxx12345','xxxx','201907'),('1166213907280769024','1166213907154939904','1066370498633486336','zbz','2018-11-04 08:00:00','13800000003','1234567890','高中',NULL,NULL,'测试部',NULL,NULL,'x1111',NULL,NULL,NULL,'北京','201907',3388.00,1450.06,1002.85,447.22,'北京','201907',2277.00,2277.00,6.00,2277.00,6.00,273.24,136.62,136.62,NULL,NULL,NULL,NULL,NULL,NULL,NULL,NULL,NULL,NULL,NULL,NULL,NULL,NULL,NULL,NULL,NULL,NULL,NULL,NULL,NULL,NULL,NULL,NULL,NULL,NULL,NULL,NULL,NULL,NULL,NULL,'sdauy','201907'),('1166213907293351936','1166213907154939904','1071632760222810112','ll','2018-12-02 08:00:00','13800000004',NULL,NULL,NULL,NULL,'测试部',NULL,NULL,NULL,NULL,NULL,NULL,'北京','201907',5000.00,2140.00,1480.00,660.00,'北京','201907',5000.00,5000.00,12.00,5000.00,12.00,1200.00,600.00,600.00,NULL,NULL,NULL,NULL,NULL,NULL,NULL,NULL,NULL,NULL,NULL,NULL,NULL,NULL,NULL,NULL,NULL,NULL,NULL,NULL,NULL,NULL,NULL,NULL,NULL,NULL,NULL,NULL,NULL,NULL,NULL,NULL,'201907'),('1166213907305934848','1166213907154939904','1074238801330704384','a01','2018-01-01 00:00:00','13400000001',NULL,NULL,NULL,NULL,'开发部',NULL,NULL,NULL,NULL,NULL,NULL,'北京','201907',5900.00,2584.20,1805.40,778.80,'北京','201907',5900.00,5900.00,12.00,5900.00,12.00,1416.00,708.00,708.00,NULL,NULL,NULL,NULL,NULL,NULL,NULL,NULL,NULL,NULL,NULL,NULL,NULL,NULL,NULL,NULL,NULL,NULL,NULL,NULL,NULL,NULL,NULL,NULL,NULL,NULL,NULL,NULL,NULL,NULL,'11111','2222','201907'),('1166213907335294976','1166213907154939904','1074238801402007552','a02','2018-01-01 00:00:00','13400000002',NULL,'初中',NULL,NULL,'开发部',NULL,NULL,NULL,NULL,NULL,NULL,NULL,NULL,NULL,NULL,NULL,NULL,NULL,NULL,NULL,NULL,NULL,NULL,NULL,NULL,NULL,NULL,NULL,NULL,NULL,NULL,NULL,NULL,NULL,NULL,NULL,NULL,NULL,NULL,NULL,NULL,NULL,NULL,NULL,NULL,NULL,NULL,NULL,NULL,NULL,NULL,NULL,NULL,NULL,NULL,NULL,NULL,NULL,NULL,NULL),('1166213907356266496','1166213907154939904','1075383133106425856','test001','2018-01-01 00:00:00','13500000001',NULL,NULL,NULL,NULL,'开发部',NULL,NULL,NULL,NULL,NULL,NULL,NULL,NULL,NULL,NULL,NULL,NULL,NULL,NULL,NULL,NULL,NULL,NULL,NULL,NULL,NULL,NULL,NULL,NULL,NULL,NULL,NULL,NULL,NULL,NULL,NULL,NULL,NULL,NULL,NULL,NULL,NULL,NULL,NULL,NULL,NULL,NULL,NULL,NULL,NULL,NULL,NULL,NULL,NULL,NULL,NULL,NULL,NULL,NULL,NULL),('1166213907368849408','1166213907154939904','1075383135371350016','test002','2018-01-01 00:00:00','13500000002',NULL,NULL,NULL,NULL,'开发部',NULL,NULL,NULL,NULL,NULL,NULL,NULL,NULL,NULL,NULL,NULL,NULL,NULL,NULL,NULL,NULL,NULL,NULL,NULL,NULL,NULL,NULL,NULL,NULL,NULL,NULL,NULL,NULL,NULL,NULL,NULL,NULL,NULL,NULL,NULL,NULL,NULL,NULL,NULL,NULL,NULL,NULL,NULL,NULL,NULL,NULL,NULL,NULL,NULL,NULL,NULL,NULL,NULL,NULL,NULL),('1166213907385626624','1166213907154939904','1075383135459430400','test003','2018-01-01 00:00:00','13500000003',NULL,NULL,NULL,NULL,'开发部',NULL,NULL,NULL,NULL,NULL,NULL,NULL,NULL,NULL,NULL,NULL,NULL,NULL,NULL,NULL,NULL,NULL,NULL,NULL,NULL,NULL,NULL,NULL,NULL,NULL,NULL,NULL,NULL,NULL,NULL,NULL,NULL,NULL,NULL,NULL,NULL,NULL,NULL,NULL,NULL,NULL,NULL,NULL,NULL,NULL,NULL,NULL,NULL,NULL,NULL,NULL,NULL,NULL,NULL,NULL),('1166213931796475904','1166213907154939904','1063705989926227968','itcast','2018-11-02 08:00:00','13800000002','1234567890','本科','333','12','test1',NULL,NULL,'123','123',NULL,NULL,'北京','201907',10000.00,4380.00,3060.00,1320.00,'北京','201907',10000.00,10000.00,0.12,10000.00,0.12,24.00,12.00,12.00,NULL,NULL,NULL,NULL,NULL,NULL,NULL,NULL,NULL,NULL,NULL,NULL,NULL,NULL,NULL,NULL,NULL,NULL,NULL,NULL,NULL,NULL,NULL,NULL,NULL,NULL,NULL,NULL,NULL,NULL,'xxx12345','xxxx','201907'),('1166213931804864512','1166213907154939904','1066370498633486336','zbz','2018-11-04 08:00:00','13800000003','1234567890','高中',NULL,NULL,'测试部',NULL,NULL,'x1111',NULL,NULL,NULL,'北京','201907',3388.00,1450.06,1002.85,447.22,'北京','201907',2277.00,2277.00,6.00,2277.00,6.00,273.24,136.62,136.62,NULL,NULL,NULL,NULL,NULL,NULL,NULL,NULL,NULL,NULL,NULL,NULL,NULL,NULL,NULL,NULL,NULL,NULL,NULL,NULL,NULL,NULL,NULL,NULL,NULL,NULL,NULL,NULL,NULL,NULL,NULL,'sdauy','201907'),('1166213931813253120','1166213907154939904','1071632760222810112','ll','2018-12-02 08:00:00','13800000004',NULL,NULL,NULL,NULL,'测试部',NULL,NULL,NULL,NULL,NULL,NULL,'北京','201907',5000.00,2140.00,1480.00,660.00,'北京','201907',5000.00,5000.00,12.00,5000.00,12.00,1200.00,600.00,600.00,NULL,NULL,NULL,NULL,NULL,NULL,NULL,NULL,NULL,NULL,NULL,NULL,NULL,NULL,NULL,NULL,NULL,NULL,NULL,NULL,NULL,NULL,NULL,NULL,NULL,NULL,NULL,NULL,NULL,NULL,NULL,NULL,'201907'),('1166213931817447424','1166213907154939904','1074238801330704384','a01','2018-01-01 00:00:00','13400000001',NULL,NULL,NULL,NULL,'开发部',NULL,NULL,NULL,NULL,NULL,NULL,'北京','201907',5900.00,2584.20,1805.40,778.80,'北京','201907',5900.00,5900.00,12.00,5900.00,12.00,1416.00,708.00,708.00,NULL,NULL,NULL,NULL,NULL,NULL,NULL,NULL,NULL,NULL,NULL,NULL,NULL,NULL,NULL,NULL,NULL,NULL,NULL,NULL,NULL,NULL,NULL,NULL,NULL,NULL,NULL,NULL,NULL,NULL,'11111','2222','201907'),('1166213931838418944','1166213907154939904','1074238801402007552','a02','2018-01-01 00:00:00','13400000002',NULL,'初中',NULL,NULL,'开发部',NULL,NULL,NULL,NULL,NULL,NULL,NULL,NULL,NULL,NULL,NULL,NULL,NULL,NULL,NULL,NULL,NULL,NULL,NULL,NULL,NULL,NULL,NULL,NULL,NULL,NULL,NULL,NULL,NULL,NULL,NULL,NULL,NULL,NULL,NULL,NULL,NULL,NULL,NULL,NULL,NULL,NULL,NULL,NULL,NULL,NULL,NULL,NULL,NULL,NULL,NULL,NULL,NULL,NULL,NULL),('1166213931846807552','1166213907154939904','1075383133106425856','test001','2018-01-01 00:00:00','13500000001',NULL,NULL,NULL,NULL,'开发部',NULL,NULL,NULL,NULL,NULL,NULL,NULL,NULL,NULL,NULL,NULL,NULL,NULL,NULL,NULL,NULL,NULL,NULL,NULL,NULL,NULL,NULL,NULL,NULL,NULL,NULL,NULL,NULL,NULL,NULL,NULL,NULL,NULL,NULL,NULL,NULL,NULL,NULL,NULL,NULL,NULL,NULL,NULL,NULL,NULL,NULL,NULL,NULL,NULL,NULL,NULL,NULL,NULL,NULL,NULL),('1166213931863584768','1166213907154939904','1075383135371350016','test002','2018-01-01 00:00:00','13500000002',NULL,NULL,NULL,NULL,'开发部',NULL,NULL,NULL,NULL,NULL,NULL,NULL,NULL,NULL,NULL,NULL,NULL,NULL,NULL,NULL,NULL,NULL,NULL,NULL,NULL,NULL,NULL,NULL,NULL,NULL,NULL,NULL,NULL,NULL,NULL,NULL,NULL,NULL,NULL,NULL,NULL,NULL,NULL,NULL,NULL,NULL,NULL,NULL,NULL,NULL,NULL,NULL,NULL,NULL,NULL,NULL,NULL,NULL,NULL,NULL),('1166213931867779072','1166213907154939904','1075383135459430400','test003','2018-01-01 00:00:00','13500000003',NULL,NULL,NULL,NULL,'开发部',NULL,NULL,NULL,NULL,NULL,NULL,NULL,NULL,NULL,NULL,NULL,NULL,NULL,NULL,NULL,NULL,NULL,NULL,NULL,NULL,NULL,NULL,NULL,NULL,NULL,NULL,NULL,NULL,NULL,NULL,NULL,NULL,NULL,NULL,NULL,NULL,NULL,NULL,NULL,NULL,NULL,NULL,NULL,NULL,NULL,NULL,NULL,NULL,NULL,NULL,NULL,NULL,NULL,NULL,NULL),('1166213990533509120','1166213907154939904','1063705989926227968','itcast','2018-11-02 08:00:00','13800000002','1234567890','本科','333','12','test1',NULL,NULL,'123','123',NULL,NULL,'北京','201907',10000.00,4380.00,3060.00,1320.00,'北京','201907',10000.00,10000.00,0.12,10000.00,0.12,24.00,12.00,12.00,NULL,NULL,NULL,NULL,NULL,NULL,NULL,NULL,NULL,NULL,NULL,NULL,NULL,NULL,NULL,NULL,NULL,NULL,NULL,NULL,NULL,NULL,NULL,NULL,NULL,NULL,NULL,NULL,NULL,NULL,'xxx12345','xxxx','201907'),('1166213990537703424','1166213907154939904','1066370498633486336','zbz','2018-11-04 08:00:00','13800000003','1234567890','高中',NULL,NULL,'测试部',NULL,NULL,'x1111',NULL,NULL,NULL,'北京','201907',3388.00,1450.06,1002.85,447.22,'北京','201907',2277.00,2277.00,6.00,2277.00,6.00,273.24,136.62,136.62,NULL,NULL,NULL,NULL,NULL,NULL,NULL,NULL,NULL,NULL,NULL,NULL,NULL,NULL,NULL,NULL,NULL,NULL,NULL,NULL,NULL,NULL,NULL,NULL,NULL,NULL,NULL,NULL,NULL,NULL,NULL,'sdauy','201907'),('1166213990571257856','1166213907154939904','1071632760222810112','ll','2018-12-02 08:00:00','13800000004',NULL,NULL,NULL,NULL,'测试部',NULL,NULL,NULL,NULL,NULL,NULL,'北京','201907',5000.00,2140.00,1480.00,660.00,'北京','201907',5000.00,5000.00,12.00,5000.00,12.00,1200.00,600.00,600.00,NULL,NULL,NULL,NULL,NULL,NULL,NULL,NULL,NULL,NULL,NULL,NULL,NULL,NULL,NULL,NULL,NULL,NULL,NULL,NULL,NULL,NULL,NULL,NULL,NULL,NULL,NULL,NULL,NULL,NULL,NULL,NULL,'201907'),('1166213990588035072','1166213907154939904','1074238801330704384','a01','2018-01-01 00:00:00','13400000001',NULL,NULL,NULL,NULL,'开发部',NULL,NULL,NULL,NULL,NULL,NULL,'北京','201907',5900.00,2584.20,1805.40,778.80,'北京','201907',5900.00,5900.00,12.00,5900.00,12.00,1416.00,708.00,708.00,NULL,NULL,NULL,NULL,NULL,NULL,NULL,NULL,NULL,NULL,NULL,NULL,NULL,NULL,NULL,NULL,NULL,NULL,NULL,NULL,NULL,NULL,NULL,NULL,NULL,NULL,NULL,NULL,NULL,NULL,'11111','2222','201907'),('1166213990604812288','1166213907154939904','1074238801402007552','a02','2018-01-01 00:00:00','13400000002',NULL,'初中',NULL,NULL,'开发部',NULL,NULL,NULL,NULL,NULL,NULL,NULL,NULL,NULL,NULL,NULL,NULL,NULL,NULL,NULL,NULL,NULL,NULL,NULL,NULL,NULL,NULL,NULL,NULL,NULL,NULL,NULL,NULL,NULL,NULL,NULL,NULL,NULL,NULL,NULL,NULL,NULL,NULL,NULL,NULL,NULL,NULL,NULL,NULL,NULL,NULL,NULL,NULL,NULL,NULL,NULL,NULL,NULL,NULL,NULL),('1166213990625783808','1166213907154939904','1075383133106425856','test001','2018-01-01 00:00:00','13500000001',NULL,NULL,NULL,NULL,'开发部',NULL,NULL,NULL,NULL,NULL,NULL,NULL,NULL,NULL,NULL,NULL,NULL,NULL,NULL,NULL,NULL,NULL,NULL,NULL,NULL,NULL,NULL,NULL,NULL,NULL,NULL,NULL,NULL,NULL,NULL,NULL,NULL,NULL,NULL,NULL,NULL,NULL,NULL,NULL,NULL,NULL,NULL,NULL,NULL,NULL,NULL,NULL,NULL,NULL,NULL,NULL,NULL,NULL,NULL,NULL),('1166213990638366720','1166213907154939904','1075383135371350016','test002','2018-01-01 00:00:00','13500000002',NULL,NULL,NULL,NULL,'开发部',NULL,NULL,NULL,NULL,NULL,NULL,NULL,NULL,NULL,NULL,NULL,NULL,NULL,NULL,NULL,NULL,NULL,NULL,NULL,NULL,NULL,NULL,NULL,NULL,NULL,NULL,NULL,NULL,NULL,NULL,NULL,NULL,NULL,NULL,NULL,NULL,NULL,NULL,NULL,NULL,NULL,NULL,NULL,NULL,NULL,NULL,NULL,NULL,NULL,NULL,NULL,NULL,NULL,NULL,NULL),('1166213990646755328','1166213907154939904','1075383135459430400','test003','2018-01-01 00:00:00','13500000003',NULL,NULL,NULL,NULL,'开发部',NULL,NULL,NULL,NULL,NULL,NULL,NULL,NULL,NULL,NULL,NULL,NULL,NULL,NULL,NULL,NULL,NULL,NULL,NULL,NULL,NULL,NULL,NULL,NULL,NULL,NULL,NULL,NULL,NULL,NULL,NULL,NULL,NULL,NULL,NULL,NULL,NULL,NULL,NULL,NULL,NULL,NULL,NULL,NULL,NULL,NULL,NULL,NULL,NULL,NULL,NULL,NULL,NULL,NULL,NULL);
/*!40000 ALTER TABLE `ss_archive_detail` ENABLE KEYS */;
UNLOCK TABLES;

--
-- Table structure for table `ss_city_payment_item`
--

DROP TABLE IF EXISTS `ss_city_payment_item`;
/*!40101 SET @saved_cs_client     = @@character_set_client */;
/*!40101 SET character_set_client = utf8 */;
CREATE TABLE `ss_city_payment_item` (
  `id` varchar(40) NOT NULL,
  `city_id` varchar(40) NOT NULL COMMENT '城市id',
  `payment_item_id` varchar(40) NOT NULL COMMENT '缴费项目id',
  `switch_company` tinyint(1) NOT NULL COMMENT '企业是否缴纳开关，0为禁用，1为启用',
  `scale_company` decimal(6,2) DEFAULT NULL COMMENT '企业比例',
  `switch_personal` tinyint(1) NOT NULL COMMENT '个人是否缴纳开关，0为禁用，1为启用',
  `scale_personal` decimal(6,2) DEFAULT NULL COMMENT '个人比例',
  `name` varchar(40) DEFAULT NULL COMMENT '缴费项目名称',
  PRIMARY KEY (`id`),
  UNIQUE KEY `UK_CID_PIID` (`city_id`,`payment_item_id`) USING BTREE COMMENT '城市id与缴费项目id组合唯一'
) ENGINE=InnoDB DEFAULT CHARSET=utf8 COMMENT='社保-城市与缴费项目关联表';
/*!40101 SET character_set_client = @saved_cs_client */;

--
-- Dumping data for table `ss_city_payment_item`
--

LOCK TABLES `ss_city_payment_item` WRITE;
/*!40000 ALTER TABLE `ss_city_payment_item` DISABLE KEYS */;
INSERT INTO `ss_city_payment_item` VALUES ('1','1084825908823904256','1',1,16.00,1,8.00,'养老'),('10','1084825908823904257','4',1,0.20,0,NULL,'工伤'),('11','1084825908823904257','5',1,0.80,0,NULL,'生育'),('12','1084825908823904257','6',1,0.00,1,0.00,'大病'),('13','1084825908823904258','1',1,19.00,1,8.00,'养老'),('14','1084825908823904258','2',1,10.00,1,5.00,'医疗'),('15','1084825908823904258','3',1,0.80,1,0.20,'失业'),('16','1084825908823904258','4',1,0.20,0,NULL,'工伤'),('17','1084825908823904258','5',1,0.80,0,NULL,'生育'),('18','1084825908823904258','6',1,0.00,1,0.00,'大病'),('2','1084825908823904256','2',1,10.00,1,5.00,'医疗'),('3','1084825908823904256','3',1,0.80,1,0.20,'失业'),('4','1084825908823904256','4',1,0.40,0,NULL,'工伤'),('5','1084825908823904256','5',1,0.80,0,NULL,'生育'),('6','1084825908823904256','6',1,0.00,1,0.00,'大病'),('7','1084825908823904257','1',1,19.00,1,8.00,'养老'),('8','1084825908823904257','2',1,10.00,1,5.00,'医疗'),('9','1084825908823904257','3',1,0.80,1,0.20,'失业');
/*!40000 ALTER TABLE `ss_city_payment_item` ENABLE KEYS */;
UNLOCK TABLES;

--
-- Table structure for table `ss_company_settings`
--

DROP TABLE IF EXISTS `ss_company_settings`;
/*!40101 SET @saved_cs_client     = @@character_set_client */;
/*!40101 SET character_set_client = utf8 */;
CREATE TABLE `ss_company_settings` (
  `company_id` varchar(40) NOT NULL COMMENT '企业id',
  `is_settings` tinyint(1) NOT NULL DEFAULT '0' COMMENT '0是未设置，1是已设置',
  `data_month` varchar(40) NOT NULL COMMENT '当前显示报表月份',
  PRIMARY KEY (`company_id`)
) ENGINE=InnoDB DEFAULT CHARSET=utf8 COMMENT='社保-企业设置信息';
/*!40101 SET character_set_client = @saved_cs_client */;

--
-- Dumping data for table `ss_company_settings`
--

LOCK TABLES `ss_company_settings` WRITE;
/*!40000 ALTER TABLE `ss_company_settings` DISABLE KEYS */;
INSERT INTO `ss_company_settings` VALUES ('1',1,'1');
/*!40000 ALTER TABLE `ss_company_settings` ENABLE KEYS */;
UNLOCK TABLES;

--
-- Table structure for table `ss_payment_item`
--

DROP TABLE IF EXISTS `ss_payment_item`;
/*!40101 SET @saved_cs_client     = @@character_set_client */;
/*!40101 SET character_set_client = utf8 */;
CREATE TABLE `ss_payment_item` (
  `id` varchar(40) NOT NULL COMMENT 'id',
  `name` varchar(255) NOT NULL COMMENT '缴费项目名称',
  `switch_company` tinyint(1) NOT NULL DEFAULT '0' COMMENT '企业是否缴纳开关，0为禁用，1为启用',
  `scale_company` decimal(6,2) NOT NULL DEFAULT '0.00' COMMENT '企业比例',
  `switch_personal` tinyint(1) NOT NULL DEFAULT '0' COMMENT '个人是否缴纳开关，0为禁用，1为启用',
  `scale_personal` decimal(6,2) NOT NULL DEFAULT '0.00' COMMENT '个人比例',
  PRIMARY KEY (`id`)
) ENGINE=InnoDB DEFAULT CHARSET=utf8 COMMENT='社保-缴费项目';
/*!40101 SET character_set_client = @saved_cs_client */;

--
-- Dumping data for table `ss_payment_item`
--

LOCK TABLES `ss_payment_item` WRITE;
/*!40000 ALTER TABLE `ss_payment_item` DISABLE KEYS */;
INSERT INTO `ss_payment_item` VALUES ('1','养老',1,19.00,1,8.00),('2','医疗',1,10.00,1,2.00),('3','失业',1,0.80,1,0.20),('4','工伤',1,0.20,0,0.00),('5','生育',1,0.80,0,0.00),('6','大病',1,0.00,0,0.00);
/*!40000 ALTER TABLE `ss_payment_item` ENABLE KEYS */;
UNLOCK TABLES;

--
-- Table structure for table `ss_user_social_security`
--

DROP TABLE IF EXISTS `ss_user_social_security`;
/*!40101 SET @saved_cs_client     = @@character_set_client */;
/*!40101 SET character_set_client = utf8 */;
CREATE TABLE `ss_user_social_security` (
  `user_id` varchar(40) NOT NULL COMMENT '用户id',
  `enterprises_pay_social_security_this_month` tinyint(1) NOT NULL DEFAULT '0' COMMENT '本月是否缴纳社保 0为不缴纳 1为缴纳',
  `enterprises_pay_the_provident_fund_this_month` tinyint(1) NOT NULL DEFAULT '0' COMMENT '本月是否缴纳公积金 0为不缴纳 1为缴纳',
  `participating_in_the_city_id` varchar(40) NOT NULL COMMENT '参保城市id',
  `social_security_type` tinyint(1) NOT NULL DEFAULT '2' COMMENT '参保类型  1为首次开户 2为非首次开户',
  `household_registration_type` tinyint(1) NOT NULL COMMENT '户籍类型 1为本市城镇 2为本市农村 3为外埠城镇 4为外埠农村',
  `social_security_base` int(8) NOT NULL COMMENT '社保基数',
  `industrial_injury_ratio` decimal(6,2) DEFAULT NULL COMMENT '工伤比例',
  `social_security_notes` varchar(300) DEFAULT NULL COMMENT '社保备注',
  `provident_fund_city_id` varchar(40) NOT NULL COMMENT '公积金城市id',
  `provident_fund_base` int(8) NOT NULL COMMENT '公积金基数',
  `enterprise_proportion` decimal(6,2) NOT NULL COMMENT '公积金企业比例',
  `personal_proportion` decimal(6,2) NOT NULL COMMENT '公积金个人比例',
  `enterprise_provident_fund_payment` decimal(8,2) NOT NULL COMMENT '公积金企业缴纳数额',
  `personal_provident_fund_payment` decimal(8,2) NOT NULL COMMENT '公积金个人缴纳数额',
  `provident_fund_notes` varchar(300) DEFAULT NULL COMMENT '公积金备注',
  `last_modify_time` datetime NOT NULL COMMENT '最后修改时间',
  `social_security_switch_update_time` datetime NOT NULL COMMENT '社保是否缴纳变更时间',
  `provident_fund_switch_update_time` datetime NOT NULL COMMENT '公积金是否缴纳变更时间',
  `city_name` varchar(40) DEFAULT NULL,
  `household_registration` varchar(40) DEFAULT NULL,
  `participating_in_the_city` varchar(40) DEFAULT NULL,
  `provident_fund_city` varchar(40) DEFAULT NULL,
  PRIMARY KEY (`user_id`)
) ENGINE=InnoDB DEFAULT CHARSET=utf8 COMMENT='社保-用户社保信息表';
/*!40101 SET character_set_client = @saved_cs_client */;

--
-- Dumping data for table `ss_user_social_security`
--

LOCK TABLES `ss_user_social_security` WRITE;
/*!40000 ALTER TABLE `ss_user_social_security` DISABLE KEYS */;
INSERT INTO `ss_user_social_security` VALUES ('1063705482939731968',1,1,'1084825908823904256',1,1,10000,0.30,'6432','1084825908823904256',10000,0.12,0.12,1200.00,1200.00,NULL,'2019-07-12 17:49:40','2019-07-12 09:01:13','2019-07-12 09:01:18',NULL,NULL,'北京','北京'),('1063705989926227968',0,0,'1084825908823904256',1,2,10000,3.00,'xxxx','1084825908823904256',10000,0.12,0.12,12.00,12.00,'xxx12345','2019-07-16 10:36:21','2019-07-16 10:36:21','2019-07-16 10:36:21',NULL,NULL,'北京','北京'),('1066370498633486336',1,1,'1084825908823904256',1,1,3388,2.00,'sdauy','1084825908823904256',2277,6.00,6.00,136.62,136.62,NULL,'2019-07-16 11:31:08','2019-07-16 11:31:08','2019-07-16 11:31:08',NULL,NULL,'北京','北京'),('1071632760222810112',0,0,'1084825908823904256',1,2,5000,2.00,NULL,'1084825908823904256',5000,12.00,12.00,600.00,600.00,NULL,'2019-08-22 22:47:59','2019-08-22 22:47:59','2019-08-22 22:47:59',NULL,NULL,'北京','北京'),('1074238801330704384',1,1,'1084825908823904256',1,1,5900,3.00,'2222','1084825908823904256',5900,12.00,12.00,708.00,708.00,'11111','2019-08-25 16:49:14','2019-08-25 16:49:14','2019-08-25 16:49:14',NULL,NULL,'北京','北京');
/*!40000 ALTER TABLE `ss_user_social_security` ENABLE KEYS */;
UNLOCK TABLES;
SET @@SESSION.SQL_LOG_BIN = @MYSQLDUMP_TEMP_LOG_BIN;
/*!40103 SET TIME_ZONE=@OLD_TIME_ZONE */;

/*!40101 SET SQL_MODE=@OLD_SQL_MODE */;
/*!40014 SET FOREIGN_KEY_CHECKS=@OLD_FOREIGN_KEY_CHECKS */;
/*!40014 SET UNIQUE_CHECKS=@OLD_UNIQUE_CHECKS */;
/*!40101 SET CHARACTER_SET_CLIENT=@OLD_CHARACTER_SET_CLIENT */;
/*!40101 SET CHARACTER_SET_RESULTS=@OLD_CHARACTER_SET_RESULTS */;
/*!40101 SET COLLATION_CONNECTION=@OLD_COLLATION_CONNECTION */;
/*!40111 SET SQL_NOTES=@OLD_SQL_NOTES */;

-- Dump completed on 2024-06-24 17:14:17
